,datetime,sender,recipient
0,2024-01-01 00:45:50.219500,usr-ytk@codecrafters-inc.com,usr-zzy@codecrafters-inc.com
1,2024-01-01 01:36:38.203583,usr-ytk@codecrafters-inc.com,usr-inr@codecrafters-inc.com
2,2024-01-01 01:55:43.060712,usr-ecc@codecrafters-inc.com,usr-qpv@codecrafters-inc.com
3,2024-01-01 02:16:59.403911,usr-ytk@codecrafters-inc.com,usr-lrw@codecrafters-inc.com
4,2024-01-01 02:25:48.400337,usr-ecc@codecrafters-inc.com,usr-gxa@codecrafters-inc.com
5,2024-01-01 02:27:23.057650,usr-ecc@codecrafters-inc.com,usr-pcx@codecrafters-inc.com
6,2024-01-01 03:12:44.658206,usr-pru@codecrafters-inc.com,usr-pru@codecrafters-inc.com
7,2024-01-01 03:17:00.960817,usr-ecc@codecrafters-inc.com,usr-hxw@codecrafters-inc.com
8,2024-01-01 03:36:27.501868,usr-pru@codecrafters-inc.com,usr-lxb@codecrafters-inc.com
9,2024-01-01 03:52:12.180940,usr-ifd@codecrafters-inc.com,usr-zzy@codecrafters-inc.com
10,2024-01-01 03:56:31.153955,usr-pru@codecrafters-inc.com,usr-okv@codecrafters-inc.com
11,2024-01-01 04:05:14.957828,usr-okv@codecrafters-inc.com,usr-fxu@codecrafters-inc.com
12,2024-01-01 04:11:02.088716,usr-ubt@codecrafters-inc.com,usr-ytk@codecrafters-inc.com
13,2024-01-01 04:13:22.841265,usr-mdm@codecrafters-inc.com,usr-agf@codecrafters-inc.com
14,2024-01-01 04:16:58.591410,usr-ifd@codecrafters-inc.com,usr-cnz@codecrafters-inc.com
15,2024-01-01 04:23:48.616779,usr-ifd@codecrafters-inc.com,usr-oux@codecrafters-inc.com
16,2024-01-01 04:24:17.878574,usr-yih@codecrafters-inc.com,usr-kos@codecrafters-inc.com
17,2024-01-01 04:28:48.930045,usr-ubt@codecrafters-inc.com,usr-fxu@codecrafters-inc.com
18,2024-01-01 04:30:33.619751,usr-mdm@codecrafters-inc.com,usr-xye@codecrafters-inc.com
19,2024-01-01 04:33:17.487195,usr-mdm@codecrafters-inc.com,usr-inx@codecrafters-inc.com
20,2024-01-01 04:36:39.477381,usr-ubt@codecrafters-inc.com,usr-ubt@codecrafters-inc.com
21,2024-01-01 04:39:33.450346,usr-hth@codecrafters-inc.com,usr-gai@codecrafters-inc.com
22,2024-01-01 04:40:42.315663,usr-mdm@codecrafters-inc.com,usr-xye@codecrafters-inc.com
23,2024-01-01 04:44:18.674518,usr-mdm@codecrafters-inc.com,usr-agf@codecrafters-inc.com
24,2024-01-01 04:46:20.482630,usr-yih@codecrafters-inc.com,usr-kos@codecrafters-inc.com
25,2024-01-01 04:48:32.454852,usr-zzy@codecrafters-inc.com,usr-zzy@codecrafters-inc.com
26,2024-01-01 04:53:26.947429,usr-zzy@codecrafters-inc.com,usr-ubt@codecrafters-inc.com
27,2024-01-01 04:59:57.967858,usr-zzy@codecrafters-inc.com,usr-ytk@codecrafters-inc.com
28,2024-01-01 05:00:08.619572,usr-ubt@codecrafters-inc.com,usr-pru@codecrafters-inc.com
29,2024-01-01 05:00:46.248185,usr-ecc@codecrafters-inc.com,usr-oux@codecrafters-inc.com
30,2024-01-01 05:05:07.030319,usr-inx@codecrafters-inc.com,usr-mdm@codecrafters-inc.com
31,2024-01-01 05:06:23.856262,usr-mdm@codecrafters-inc.com,usr-mdm@codecrafters-inc.com
32,2024-01-01 05:07:05.052477,usr-inx@codecrafters-inc.com,usr-xye@codecrafters-inc.com
33,2024-01-01 05:10:06.241892,usr-inx@codecrafters-inc.com,usr-cwi@codecrafters-inc.com
34,2024-01-01 05:11:03.091342,usr-zzy@codecrafters-inc.com,usr-jmc@codecrafters-inc.com
35,2024-01-01 05:11:55.727052,usr-inx@codecrafters-inc.com,usr-agf@codecrafters-inc.com
36,2024-01-01 05:12:03.587123,usr-mdm@codecrafters-inc.com,usr-hxw@codecrafters-inc.com
37,2024-01-01 05:13:59.424851,usr-mdm@codecrafters-inc.com,usr-wis@codecrafters-inc.com
38,2024-01-01 05:17:15.003135,usr-kos@codecrafters-inc.com,usr-pah@codecrafters-inc.com
39,2024-01-01 05:18:56.549809,usr-zzy@codecrafters-inc.com,usr-dbq@codecrafters-inc.com
40,2024-01-01 05:19:25.415111,usr-inx@codecrafters-inc.com,usr-fdo@codecrafters-inc.com
41,2024-01-01 05:19:41.487441,usr-ytk@codecrafters-inc.com,usr-inr@codecrafters-inc.com
42,2024-01-01 05:22:45.911916,usr-inr@codecrafters-inc.com,usr-hta@codecrafters-inc.com
43,2024-01-01 05:24:31.005065,usr-inr@codecrafters-inc.com,usr-pah@codecrafters-inc.com
44,2024-01-01 05:25:39.364344,usr-zzy@codecrafters-inc.com,usr-fxu@codecrafters-inc.com
45,2024-01-01 05:26:05.931725,usr-mdm@codecrafters-inc.com,usr-ign@codecrafters-inc.com
46,2024-01-01 05:26:32.049508,usr-fjl@codecrafters-inc.com,usr-mms@codecrafters-inc.com
47,2024-01-01 05:27:25.896340,usr-ytk@codecrafters-inc.com,usr-pru@codecrafters-inc.com
48,2024-01-01 05:29:37.454714,usr-zzy@codecrafters-inc.com,usr-dbq@codecrafters-inc.com
49,2024-01-01 05:35:09.488303,usr-ubt@codecrafters-inc.com,usr-okv@codecrafters-inc.com
50,2024-01-01 05:36:51.822968,usr-ntp@codecrafters-inc.com,usr-mdm@codecrafters-inc.com
51,2024-01-01 05:37:51.065590,usr-dbq@codecrafters-inc.com,usr-fta@codecrafters-inc.com
52,2024-01-01 05:39:12.478373,usr-inx@codecrafters-inc.com,usr-fdo@codecrafters-inc.com
53,2024-01-01 05:39:45.739502,usr-avc@codecrafters-inc.com,usr-pcx@codecrafters-inc.com
54,2024-01-01 05:40:35.679793,usr-ntp@codecrafters-inc.com,usr-qpv@codecrafters-inc.com
55,2024-01-01 05:44:51.888512,usr-pia@codecrafters-inc.com,usr-syd@codecrafters-inc.com
56,2024-01-01 05:45:32.363859,usr-inx@codecrafters-inc.com,usr-cwi@codecrafters-inc.com
57,2024-01-01 05:47:53.127100,usr-pia@codecrafters-inc.com,usr-hxw@codecrafters-inc.com
58,2024-01-01 05:48:35.692323,usr-avc@codecrafters-inc.com,usr-ecc@codecrafters-inc.com
59,2024-01-01 05:51:24.835219,usr-mdm@codecrafters-inc.com,usr-qpv@codecrafters-inc.com
60,2024-01-01 05:52:08.711156,usr-agf@codecrafters-inc.com,usr-qhu@codecrafters-inc.com
61,2024-01-01 05:53:29.794046,usr-fxu@codecrafters-inc.com,usr-hta@codecrafters-inc.com
62,2024-01-01 05:53:49.214200,usr-agf@codecrafters-inc.com,usr-pcx@codecrafters-inc.com
63,2024-01-01 05:56:13.312881,usr-mdm@codecrafters-inc.com,usr-xye@codecrafters-inc.com
64,2024-01-01 05:56:26.793968,usr-ifd@codecrafters-inc.com,usr-pah@codecrafters-inc.com
65,2024-01-01 05:56:56.841553,usr-mdm@codecrafters-inc.com,usr-qhu@codecrafters-inc.com
66,2024-01-01 05:57:07.078718,usr-pia@codecrafters-inc.com,usr-xye@codecrafters-inc.com
67,2024-01-01 05:57:44.208133,usr-mdm@codecrafters-inc.com,usr-fdo@codecrafters-inc.com
68,2024-01-01 05:57:53.649719,usr-dbq@codecrafters-inc.com,usr-hth@codecrafters-inc.com
69,2024-01-01 05:59:34.373643,usr-agf@codecrafters-inc.com,usr-ntp@codecrafters-inc.com
70,2024-01-01 05:59:41.873098,usr-ntp@codecrafters-inc.com,usr-xye@codecrafters-inc.com
71,2024-01-01 05:59:46.458730,usr-kos@codecrafters-inc.com,usr-bpm@codecrafters-inc.com
72,2024-01-01 06:01:44.132432,usr-ntp@codecrafters-inc.com,usr-mdm@codecrafters-inc.com
73,2024-01-01 06:03:50.015803,usr-pia@codecrafters-inc.com,usr-wis@codecrafters-inc.com
74,2024-01-01 06:04:44.993332,usr-avc@codecrafters-inc.com,usr-fxc@codecrafters-inc.com
75,2024-01-01 06:09:00.219572,usr-ntp@codecrafters-inc.com,usr-oph@codecrafters-inc.com
76,2024-01-01 06:11:35.989421,usr-qpv@codecrafters-inc.com,usr-fdo@codecrafters-inc.com
77,2024-01-01 06:13:08.045886,usr-agf@codecrafters-inc.com,usr-fdo@codecrafters-inc.com
78,2024-01-01 06:13:13.621206,usr-agf@codecrafters-inc.com,usr-pcx@codecrafters-inc.com
79,2024-01-01 06:13:48.923943,usr-ntp@codecrafters-inc.com,usr-mdm@codecrafters-inc.com
80,2024-01-01 06:14:12.579336,usr-fta@codecrafters-inc.com,usr-ytk@codecrafters-inc.com
81,2024-01-01 06:14:30.714715,usr-oph@codecrafters-inc.com,usr-ntp@codecrafters-inc.com
82,2024-01-01 06:14:53.514071,usr-syd@codecrafters-inc.com,usr-cwi@codecrafters-inc.com
83,2024-01-01 06:15:11.433248,usr-pia@codecrafters-inc.com,usr-mdm@codecrafters-inc.com
84,2024-01-01 06:17:12.879375,usr-agf@codecrafters-inc.com,usr-ntp@codecrafters-inc.com
85,2024-01-01 06:17:26.215393,usr-ntp@codecrafters-inc.com,usr-fdo@codecrafters-inc.com
86,2024-01-01 06:17:35.126921,usr-pia@codecrafters-inc.com,usr-fdo@codecrafters-inc.com
87,2024-01-01 06:17:35.570506,usr-pia@codecrafters-inc.com,usr-mdm@codecrafters-inc.com
88,2024-01-01 06:18:02.799813,usr-pia@codecrafters-inc.com,usr-qhu@codecrafters-inc.com
89,2024-01-01 06:18:14.569166,usr-pia@codecrafters-inc.com,usr-syd@codecrafters-inc.com
90,2024-01-01 06:18:17.046644,usr-okv@codecrafters-inc.com,usr-zzy@codecrafters-inc.com
91,2024-01-01 06:20:42.386564,usr-hxw@codecrafters-inc.com,usr-qhu@codecrafters-inc.com
92,2024-01-01 06:21:55.535825,usr-fxu@codecrafters-inc.com,usr-kos@codecrafters-inc.com
93,2024-01-01 06:22:10.706412,usr-ubt@codecrafters-inc.com,usr-crz@codecrafters-inc.com
94,2024-01-01 06:22:15.149115,usr-ntp@codecrafters-inc.com,usr-inx@codecrafters-inc.com
95,2024-01-01 06:22:29.039120,usr-agf@codecrafters-inc.com,usr-ign@codecrafters-inc.com
96,2024-01-01 06:24:04.029138,usr-fdo@codecrafters-inc.com,usr-hxw@codecrafters-inc.com
97,2024-01-01 06:24:15.011459,usr-lxb@codecrafters-inc.com,usr-pru@codecrafters-inc.com
98,2024-01-01 06:25:03.774342,usr-hxw@codecrafters-inc.com,usr-pia@codecrafters-inc.com
99,2024-01-01 06:25:06.367865,usr-lxb@codecrafters-inc.com,usr-zzy@codecrafters-inc.com
100,2024-01-01 06:25:20.381815,usr-ntp@codecrafters-inc.com,usr-pcx@codecrafters-inc.com
101,2024-01-01 06:26:17.524462,usr-agf@codecrafters-inc.com,usr-oph@codecrafters-inc.com
102,2024-01-01 06:26:24.773686,usr-agf@codecrafters-inc.com,usr-ntp@codecrafters-inc.com
103,2024-01-01 06:26:54.399089,usr-avc@codecrafters-inc.com,usr-tcn@codecrafters-inc.com
104,2024-01-01 06:26:54.491885,usr-qpv@codecrafters-inc.com,usr-wis@codecrafters-inc.com
105,2024-01-01 06:27:03.327446,usr-inr@codecrafters-inc.com,usr-dbq@codecrafters-inc.com
106,2024-01-01 06:28:04.141743,usr-pia@codecrafters-inc.com,usr-qpv@codecrafters-inc.com
107,2024-01-01 06:29:50.622260,usr-agf@codecrafters-inc.com,usr-qhu@codecrafters-inc.com
108,2024-01-01 06:31:42.076756,usr-qhu@codecrafters-inc.com,usr-wis@codecrafters-inc.com
109,2024-01-01 06:32:17.695030,usr-agf@codecrafters-inc.com,usr-syd@codecrafters-inc.com
110,2024-01-01 06:32:53.998937,usr-crz@codecrafters-inc.com,usr-gai@codecrafters-inc.com
111,2024-01-01 06:33:00.488819,usr-pcx@codecrafters-inc.com,usr-qhu@codecrafters-inc.com
112,2024-01-01 06:33:18.762971,usr-lxb@codecrafters-inc.com,usr-pru@codecrafters-inc.com
113,2024-01-01 06:33:20.805120,usr-agf@codecrafters-inc.com,usr-cwi@codecrafters-inc.com
114,2024-01-01 06:33:49.360781,usr-hxw@codecrafters-inc.com,usr-cwi@codecrafters-inc.com
115,2024-01-01 06:35:28.417334,usr-lxb@codecrafters-inc.com,usr-bpm@codecrafters-inc.com
116,2024-01-01 06:36:16.589265,usr-hxw@codecrafters-inc.com,usr-qhu@codecrafters-inc.com
117,2024-01-01 06:36:53.776634,usr-ntp@codecrafters-inc.com,usr-wis@codecrafters-inc.com
118,2024-01-01 06:37:31.079157,usr-hxw@codecrafters-inc.com,usr-ntp@codecrafters-inc.com
119,2024-01-01 06:39:49.964822,usr-fdo@codecrafters-inc.com,usr-xye@codecrafters-inc.com
120,2024-01-01 06:40:09.413463,usr-xye@codecrafters-inc.com,usr-syd@codecrafters-inc.com
121,2024-01-01 06:40:31.481037,usr-hxw@codecrafters-inc.com,usr-ntp@codecrafters-inc.com
122,2024-01-01 06:40:51.530075,usr-fdo@codecrafters-inc.com,usr-syd@codecrafters-inc.com
123,2024-01-01 06:41:27.015701,usr-mdm@codecrafters-inc.com,usr-pcx@codecrafters-inc.com
124,2024-01-01 06:41:27.829273,usr-ign@codecrafters-inc.com,usr-cwi@codecrafters-inc.com
125,2024-01-01 06:44:17.333181,usr-ifd@codecrafters-inc.com,usr-pcx@codecrafters-inc.com
126,2024-01-01 06:44:40.216446,usr-gvm@codecrafters-inc.com,usr-hta@codecrafters-inc.com
127,2024-01-01 06:45:32.167006,usr-inr@codecrafters-inc.com,usr-fta@codecrafters-inc.com
128,2024-01-01 06:45:46.245405,usr-qpv@codecrafters-inc.com,usr-hxw@codecrafters-inc.com
129,2024-01-01 06:45:54.001034,usr-agf@codecrafters-inc.com,usr-mdm@codecrafters-inc.com
130,2024-01-01 06:46:28.946256,usr-hxw@codecrafters-inc.com,usr-ntp@codecrafters-inc.com
131,2024-01-01 06:46:38.658732,usr-qhu@codecrafters-inc.com,usr-oph@codecrafters-inc.com
132,2024-01-01 06:48:04.660153,usr-hxw@codecrafters-inc.com,usr-hxw@codecrafters-inc.com
133,2024-01-01 06:48:21.253577,usr-pah@codecrafters-inc.com,usr-dbq@codecrafters-inc.com
134,2024-01-01 06:48:59.569036,usr-mdm@codecrafters-inc.com,usr-fdo@codecrafters-inc.com
135,2024-01-01 06:48:59.610320,usr-crz@codecrafters-inc.com,usr-jmc@codecrafters-inc.com
136,2024-01-01 06:49:07.853771,usr-agf@codecrafters-inc.com,usr-qhu@codecrafters-inc.com
137,2024-01-01 06:49:23.047153,usr-crz@codecrafters-inc.com,usr-fta@codecrafters-inc.com
138,2024-01-01 06:49:28.183663,usr-qpv@codecrafters-inc.com,usr-agf@codecrafters-inc.com
139,2024-01-01 06:49:35.951739,usr-zsj@codecrafters-inc.com,usr-bpm@codecrafters-inc.com
140,2024-01-01 06:49:36.236909,usr-pia@codecrafters-inc.com,usr-mdm@codecrafters-inc.com
141,2024-01-01 06:50:11.154257,usr-oph@codecrafters-inc.com,usr-cwi@codecrafters-inc.com
142,2024-01-01 06:50:17.494104,usr-mdm@codecrafters-inc.com,usr-fdo@codecrafters-inc.com
143,2024-01-01 06:51:04.930091,usr-agf@codecrafters-inc.com,usr-cwi@codecrafters-inc.com
144,2024-01-01 06:52:13.341147,usr-agf@codecrafters-inc.com,usr-ign@codecrafters-inc.com
145,2024-01-01 06:52:20.709443,usr-agf@codecrafters-inc.com,usr-ign@codecrafters-inc.com
146,2024-01-01 06:52:33.778660,usr-hxw@codecrafters-inc.com,usr-qpv@codecrafters-inc.com
147,2024-01-01 06:53:44.941817,usr-jmc@codecrafters-inc.com,usr-fta@codecrafters-inc.com
148,2024-01-01 06:53:50.828920,usr-gai@codecrafters-inc.com,usr-fta@codecrafters-inc.com
149,2024-01-01 06:55:55.095544,usr-mdm@codecrafters-inc.com,usr-agf@codecrafters-inc.com
150,2024-01-01 06:56:09.686641,usr-qhu@codecrafters-inc.com,usr-qpv@codecrafters-inc.com
151,2024-01-01 06:56:58.971412,usr-gai@codecrafters-inc.com,usr-hth@codecrafters-inc.com
152,2024-01-01 06:57:45.102211,usr-gvm@codecrafters-inc.com,usr-hta@codecrafters-inc.com
153,2024-01-01 06:58:01.524375,usr-hxw@codecrafters-inc.com,usr-hxw@codecrafters-inc.com
154,2024-01-01 06:58:25.569113,usr-hxw@codecrafters-inc.com,usr-qpv@codecrafters-inc.com
155,2024-01-01 06:58:30.359703,usr-fxu@codecrafters-inc.com,usr-fta@codecrafters-inc.com
156,2024-01-01 06:58:59.252852,usr-qpv@codecrafters-inc.com,usr-pia@codecrafters-inc.com
157,2024-01-01 06:59:08.353081,usr-xye@codecrafters-inc.com,usr-wis@codecrafters-inc.com
158,2024-01-01 07:00:01.189662,usr-ntp@codecrafters-inc.com,usr-pcx@codecrafters-inc.com
159,2024-01-01 07:01:03.711646,usr-cwi@codecrafters-inc.com,usr-qpv@codecrafters-inc.com
160,2024-01-01 07:01:16.837536,usr-ifd@codecrafters-inc.com,usr-gxa@codecrafters-inc.com
161,2024-01-01 07:01:44.691408,usr-xye@codecrafters-inc.com,usr-cwi@codecrafters-inc.com
162,2024-01-01 07:01:49.562796,usr-mdm@codecrafters-inc.com,usr-qhu@codecrafters-inc.com
163,2024-01-01 07:03:24.027728,usr-syd@codecrafters-inc.com,usr-ign@codecrafters-inc.com
164,2024-01-01 07:04:39.188892,usr-mdm@codecrafters-inc.com,usr-qpv@codecrafters-inc.com
165,2024-01-01 07:04:43.697142,usr-lxb@codecrafters-inc.com,usr-lrw@codecrafters-inc.com
166,2024-01-01 07:05:35.648191,usr-jmc@codecrafters-inc.com,usr-jmc@codecrafters-inc.com
167,2024-01-01 07:06:05.086116,usr-pcx@codecrafters-inc.com,usr-xye@codecrafters-inc.com
168,2024-01-01 07:06:06.841172,usr-agf@codecrafters-inc.com,usr-wis@codecrafters-inc.com
169,2024-01-01 07:06:16.168182,usr-ign@codecrafters-inc.com,usr-ign@codecrafters-inc.com
170,2024-01-01 07:07:21.926303,usr-inx@codecrafters-inc.com,usr-cwi@codecrafters-inc.com
171,2024-01-01 07:07:32.580034,usr-ign@codecrafters-inc.com,usr-cwi@codecrafters-inc.com
172,2024-01-01 07:07:34.722644,usr-mdm@codecrafters-inc.com,usr-pia@codecrafters-inc.com
173,2024-01-01 07:07:56.285281,usr-qhu@codecrafters-inc.com,usr-inx@codecrafters-inc.com
174,2024-01-01 07:08:11.103161,usr-qpv@codecrafters-inc.com,usr-oph@codecrafters-inc.com
175,2024-01-01 07:09:37.221860,usr-ntp@codecrafters-inc.com,usr-qhu@codecrafters-inc.com
176,2024-01-01 07:09:44.554213,usr-dbq@codecrafters-inc.com,usr-pru@codecrafters-inc.com
177,2024-01-01 07:09:53.110771,usr-syd@codecrafters-inc.com,usr-cwi@codecrafters-inc.com
178,2024-01-01 07:09:59.483764,usr-pia@codecrafters-inc.com,usr-xye@codecrafters-inc.com
179,2024-01-01 07:10:09.275931,usr-gai@codecrafters-inc.com,usr-hth@codecrafters-inc.com
180,2024-01-01 07:10:18.857374,usr-cwi@codecrafters-inc.com,usr-oph@codecrafters-inc.com
181,2024-01-01 07:10:50.608860,usr-ytk@codecrafters-inc.com,usr-ytk@codecrafters-inc.com
182,2024-01-01 07:11:30.166440,usr-oph@codecrafters-inc.com,usr-pia@codecrafters-inc.com
183,2024-01-01 07:12:04.884023,usr-pia@codecrafters-inc.com,usr-xye@codecrafters-inc.com
184,2024-01-01 07:12:16.525657,usr-pcx@codecrafters-inc.com,usr-pcx@codecrafters-inc.com
185,2024-01-01 07:12:30.174949,usr-lrw@codecrafters-inc.com,usr-pah@codecrafters-inc.com
186,2024-01-01 07:12:50.229706,usr-qhu@codecrafters-inc.com,usr-pia@codecrafters-inc.com
187,2024-01-01 07:13:27.562700,usr-dbq@codecrafters-inc.com,usr-kos@codecrafters-inc.com
188,2024-01-01 07:14:04.208694,usr-lrw@codecrafters-inc.com,usr-yih@codecrafters-inc.com
189,2024-01-01 07:14:06.469143,usr-pcx@codecrafters-inc.com,usr-xye@codecrafters-inc.com
190,2024-01-01 07:14:19.147251,usr-syd@codecrafters-inc.com,usr-qhu@codecrafters-inc.com
191,2024-01-01 07:14:45.989152,usr-ign@codecrafters-inc.com,usr-cwi@codecrafters-inc.com
192,2024-01-01 07:15:14.333203,usr-syd@codecrafters-inc.com,usr-ntp@codecrafters-inc.com
193,2024-01-01 07:15:36.645159,usr-wis@codecrafters-inc.com,usr-pia@codecrafters-inc.com
194,2024-01-01 07:15:41.334341,usr-ntp@codecrafters-inc.com,usr-oph@codecrafters-inc.com
195,2024-01-01 07:15:58.160194,usr-dbq@codecrafters-inc.com,usr-gai@codecrafters-inc.com
196,2024-01-01 07:16:14.580207,usr-hth@codecrafters-inc.com,usr-hta@codecrafters-inc.com
197,2024-01-01 07:16:40.070395,usr-qpv@codecrafters-inc.com,usr-ntp@codecrafters-inc.com
198,2024-01-01 07:17:11.405251,usr-inx@codecrafters-inc.com,usr-syd@codecrafters-inc.com
199,2024-01-01 07:17:12.882895,usr-cwi@codecrafters-inc.com,usr-qpv@codecrafters-inc.com
200,2024-01-01 07:17:38.318674,usr-inx@codecrafters-inc.com,usr-qhu@codecrafters-inc.com
201,2024-01-01 07:17:43.814063,usr-hta@codecrafters-inc.com,usr-zsj@codecrafters-inc.com
202,2024-01-01 07:17:44.389870,usr-qhu@codecrafters-inc.com,usr-hxw@codecrafters-inc.com
203,2024-01-01 07:18:25.666712,usr-cwi@codecrafters-inc.com,usr-wis@codecrafters-inc.com
204,2024-01-01 07:18:42.998902,usr-cwi@codecrafters-inc.com,usr-agf@codecrafters-inc.com
205,2024-01-01 07:19:09.433405,usr-pcx@codecrafters-inc.com,usr-pia@codecrafters-inc.com
206,2024-01-01 07:19:35.907286,usr-mdm@codecrafters-inc.com,usr-hxw@codecrafters-inc.com
207,2024-01-01 07:19:44.511551,usr-syd@codecrafters-inc.com,usr-mdm@codecrafters-inc.com
208,2024-01-01 07:19:53.211779,usr-hxw@codecrafters-inc.com,usr-qpv@codecrafters-inc.com
209,2024-01-01 07:20:42.899838,usr-cwi@codecrafters-inc.com,usr-pcx@codecrafters-inc.com
210,2024-01-01 07:20:57.295808,usr-hxw@codecrafters-inc.com,usr-wis@codecrafters-inc.com
211,2024-01-01 07:21:02.517976,usr-inx@codecrafters-inc.com,usr-mdm@codecrafters-inc.com
212,2024-01-01 07:21:11.883309,usr-qhu@codecrafters-inc.com,usr-xye@codecrafters-inc.com
213,2024-01-01 07:21:41.979227,usr-wis@codecrafters-inc.com,usr-agf@codecrafters-inc.com
214,2024-01-01 07:22:03.251297,usr-agf@codecrafters-inc.com,usr-qhu@codecrafters-inc.com
215,2024-01-01 07:22:19.388417,usr-syd@codecrafters-inc.com,usr-hxw@codecrafters-inc.com
216,2024-01-01 07:22:35.485947,usr-agf@codecrafters-inc.com,usr-qhu@codecrafters-inc.com
217,2024-01-01 07:23:01.317635,usr-xye@codecrafters-inc.com,usr-hxw@codecrafters-inc.com
218,2024-01-01 07:23:19.621201,usr-zzy@codecrafters-inc.com,usr-kos@codecrafters-inc.com
219,2024-01-01 07:23:21.232615,usr-mdm@codecrafters-inc.com,usr-ign@codecrafters-inc.com
220,2024-01-01 07:23:25.681431,usr-lrw@codecrafters-inc.com,usr-lrw@codecrafters-inc.com
221,2024-01-01 07:23:45.521555,usr-ubt@codecrafters-inc.com,usr-dbq@codecrafters-inc.com
222,2024-01-01 07:25:14.833852,usr-hth@codecrafters-inc.com,usr-yih@codecrafters-inc.com
223,2024-01-01 07:25:36.951798,usr-ecc@codecrafters-inc.com,usr-agf@codecrafters-inc.com
224,2024-01-01 07:25:43.521735,usr-ifd@codecrafters-inc.com,usr-pia@codecrafters-inc.com
225,2024-01-01 07:26:02.904402,usr-qpv@codecrafters-inc.com,usr-mdm@codecrafters-inc.com
226,2024-01-01 07:26:09.523123,usr-fdo@codecrafters-inc.com,usr-pcx@codecrafters-inc.com
227,2024-01-01 07:26:35.978806,usr-fxu@codecrafters-inc.com,usr-okv@codecrafters-inc.com
228,2024-01-01 07:27:04.087463,usr-pia@codecrafters-inc.com,usr-qhu@codecrafters-inc.com
229,2024-01-01 07:27:06.344337,usr-syd@codecrafters-inc.com,usr-pcx@codecrafters-inc.com
230,2024-01-01 07:27:33.536496,usr-mdm@codecrafters-inc.com,usr-qpv@codecrafters-inc.com
231,2024-01-01 07:27:35.061897,usr-okv@codecrafters-inc.com,usr-gvm@codecrafters-inc.com
232,2024-01-01 07:27:35.252081,usr-inx@codecrafters-inc.com,usr-oph@codecrafters-inc.com
233,2024-01-01 07:28:06.325330,usr-oph@codecrafters-inc.com,usr-pia@codecrafters-inc.com
234,2024-01-01 07:29:08.519884,usr-inx@codecrafters-inc.com,usr-syd@codecrafters-inc.com
235,2024-01-01 07:29:44.832971,usr-xye@codecrafters-inc.com,usr-inx@codecrafters-inc.com
236,2024-01-01 07:29:45.048856,usr-pia@codecrafters-inc.com,usr-pcx@codecrafters-inc.com
237,2024-01-01 07:29:46.414346,usr-agf@codecrafters-inc.com,usr-oph@codecrafters-inc.com
238,2024-01-01 07:29:51.953003,usr-crz@codecrafters-inc.com,usr-gai@codecrafters-inc.com
239,2024-01-01 07:30:15.820904,usr-wis@codecrafters-inc.com,usr-ntp@codecrafters-inc.com
240,2024-01-01 07:32:06.279235,usr-jmc@codecrafters-inc.com,usr-ytk@codecrafters-inc.com
241,2024-01-01 07:32:33.474331,usr-inx@codecrafters-inc.com,usr-xye@codecrafters-inc.com
242,2024-01-01 07:32:49.400258,usr-lxb@codecrafters-inc.com,usr-hta@codecrafters-inc.com
243,2024-01-01 07:33:41.221026,usr-inx@codecrafters-inc.com,usr-qpv@codecrafters-inc.com
244,2024-01-01 07:34:29.252041,usr-pia@codecrafters-inc.com,usr-fdo@codecrafters-inc.com
245,2024-01-01 07:35:02.474508,usr-ign@codecrafters-inc.com,usr-wis@codecrafters-inc.com
246,2024-01-01 07:35:34.682942,usr-ign@codecrafters-inc.com,usr-oph@codecrafters-inc.com
247,2024-01-01 07:35:40.011177,usr-syd@codecrafters-inc.com,usr-inx@codecrafters-inc.com
248,2024-01-01 07:35:49.572141,usr-cwi@codecrafters-inc.com,usr-pia@codecrafters-inc.com
249,2024-01-01 07:36:06.468103,usr-hxw@codecrafters-inc.com,usr-fdo@codecrafters-inc.com
250,2024-01-01 07:36:37.217906,usr-avc@codecrafters-inc.com,usr-agf@codecrafters-inc.com
251,2024-01-01 07:37:16.224945,usr-hxw@codecrafters-inc.com,usr-inx@codecrafters-inc.com
252,2024-01-01 07:37:16.515185,usr-oph@codecrafters-inc.com,usr-qhu@codecrafters-inc.com
253,2024-01-01 07:37:32.495360,usr-syd@codecrafters-inc.com,usr-ntp@codecrafters-inc.com
254,2024-01-01 07:38:08.546741,usr-qhu@codecrafters-inc.com,usr-inx@codecrafters-inc.com
255,2024-01-01 07:38:48.555932,usr-oph@codecrafters-inc.com,usr-mdm@codecrafters-inc.com
256,2024-01-01 07:39:17.403354,usr-ntp@codecrafters-inc.com,usr-syd@codecrafters-inc.com
257,2024-01-01 07:39:46.577729,usr-fxu@codecrafters-inc.com,usr-okv@codecrafters-inc.com
258,2024-01-01 07:39:52.066505,usr-hxw@codecrafters-inc.com,usr-ign@codecrafters-inc.com
259,2024-01-01 07:41:02.948329,usr-wis@codecrafters-inc.com,usr-inx@codecrafters-inc.com
260,2024-01-01 07:41:49.819255,usr-qhu@codecrafters-inc.com,usr-xye@codecrafters-inc.com
261,2024-01-01 07:42:05.012932,usr-oph@codecrafters-inc.com,usr-syd@codecrafters-inc.com
262,2024-01-01 07:42:06.240957,usr-wis@codecrafters-inc.com,usr-ign@codecrafters-inc.com
263,2024-01-01 07:42:33.239123,usr-ntp@codecrafters-inc.com,usr-pia@codecrafters-inc.com
264,2024-01-01 07:42:56.527092,usr-cwi@codecrafters-inc.com,usr-pcx@codecrafters-inc.com
265,2024-01-01 07:42:56.821466,usr-oph@codecrafters-inc.com,usr-pcx@codecrafters-inc.com
266,2024-01-01 07:43:54.167280,usr-cwi@codecrafters-inc.com,usr-qhu@codecrafters-inc.com
267,2024-01-01 07:43:59.575241,usr-wis@codecrafters-inc.com,usr-ntp@codecrafters-inc.com
268,2024-01-01 07:44:20.504578,usr-pia@codecrafters-inc.com,usr-hxw@codecrafters-inc.com
269,2024-01-01 07:44:28.832688,usr-agf@codecrafters-inc.com,usr-pcx@codecrafters-inc.com
270,2024-01-01 07:45:05.088060,usr-pcx@codecrafters-inc.com,usr-qpv@codecrafters-inc.com
271,2024-01-01 07:45:27.849002,usr-bpm@codecrafters-inc.com,usr-pru@codecrafters-inc.com
272,2024-01-01 07:45:55.303627,usr-cwi@codecrafters-inc.com,usr-hxw@codecrafters-inc.com
273,2024-01-01 07:46:07.426520,usr-pia@codecrafters-inc.com,usr-qhu@codecrafters-inc.com
274,2024-01-01 07:46:38.229240,usr-agf@codecrafters-inc.com,usr-oph@codecrafters-inc.com
275,2024-01-01 07:46:42.026920,usr-inx@codecrafters-inc.com,usr-oph@codecrafters-inc.com
276,2024-01-01 07:47:28.277559,usr-pcx@codecrafters-inc.com,usr-inx@codecrafters-inc.com
277,2024-01-01 07:47:34.246524,usr-fjl@codecrafters-inc.com,usr-wda@codecrafters-inc.com
278,2024-01-01 07:47:38.502720,usr-crz@codecrafters-inc.com,usr-fta@codecrafters-inc.com
279,2024-01-01 07:47:43.283488,usr-mdm@codecrafters-inc.com,usr-pia@codecrafters-inc.com
280,2024-01-01 07:48:40.526406,usr-mdm@codecrafters-inc.com,usr-pia@codecrafters-inc.com
281,2024-01-01 07:50:02.713070,usr-inx@codecrafters-inc.com,usr-qpv@codecrafters-inc.com
282,2024-01-01 07:50:06.286523,usr-qhu@codecrafters-inc.com,usr-xye@codecrafters-inc.com
283,2024-01-01 07:50:24.135459,usr-hxw@codecrafters-inc.com,usr-pcx@codecrafters-inc.com
284,2024-01-01 07:51:07.941576,usr-jmc@codecrafters-inc.com,usr-inr@codecrafters-inc.com
285,2024-01-01 07:51:19.329465,usr-hta@codecrafters-inc.com,usr-hta@codecrafters-inc.com
286,2024-01-01 07:51:28.892552,usr-kos@codecrafters-inc.com,usr-zzy@codecrafters-inc.com
287,2024-01-01 07:52:04.841906,usr-xye@codecrafters-inc.com,usr-ign@codecrafters-inc.com
288,2024-01-01 07:52:53.240521,usr-cwi@codecrafters-inc.com,usr-cwi@codecrafters-inc.com
289,2024-01-01 07:53:31.890464,usr-ytk@codecrafters-inc.com,usr-lxb@codecrafters-inc.com
290,2024-01-01 07:54:14.466950,usr-oph@codecrafters-inc.com,usr-ntp@codecrafters-inc.com
291,2024-01-01 07:54:51.764032,usr-okv@codecrafters-inc.com,usr-lxb@codecrafters-inc.com
292,2024-01-01 07:55:11.209205,usr-ign@codecrafters-inc.com,usr-syd@codecrafters-inc.com
293,2024-01-01 07:55:39.541066,usr-yih@codecrafters-inc.com,usr-dbq@codecrafters-inc.com
294,2024-01-01 07:56:20.615910,usr-kos@codecrafters-inc.com,usr-kos@codecrafters-inc.com
295,2024-01-01 07:56:22.337031,usr-inx@codecrafters-inc.com,usr-qhu@codecrafters-inc.com
296,2024-01-01 07:56:59.349174,usr-oph@codecrafters-inc.com,usr-pcx@codecrafters-inc.com
297,2024-01-01 07:57:23.553106,usr-pia@codecrafters-inc.com,usr-xye@codecrafters-inc.com
298,2024-01-01 07:58:49.609772,usr-fdo@codecrafters-inc.com,usr-hxw@codecrafters-inc.com
299,2024-01-01 07:59:26.892912,usr-agf@codecrafters-inc.com,usr-qpv@codecrafters-inc.com
300,2024-01-01 08:00:19.918161,usr-mdm@codecrafters-inc.com,usr-pia@codecrafters-inc.com
301,2024-01-01 08:00:36.793744,usr-pia@codecrafters-inc.com,usr-pia@codecrafters-inc.com
302,2024-01-01 08:01:02.205868,usr-zsj@codecrafters-inc.com,usr-lxb@codecrafters-inc.com
303,2024-01-01 08:01:02.525074,usr-avc@codecrafters-inc.com,usr-ecc@codecrafters-inc.com
304,2024-01-01 08:01:33.196275,usr-qhu@codecrafters-inc.com,usr-qpv@codecrafters-inc.com
305,2024-01-01 08:02:11.239036,usr-pia@codecrafters-inc.com,usr-agf@codecrafters-inc.com
306,2024-01-01 08:02:51.800090,usr-pcx@codecrafters-inc.com,usr-ntp@codecrafters-inc.com
307,2024-01-01 08:03:21.795101,usr-crz@codecrafters-inc.com,usr-ubt@codecrafters-inc.com
308,2024-01-01 08:03:26.276000,usr-hxw@codecrafters-inc.com,usr-fdo@codecrafters-inc.com
309,2024-01-01 08:03:26.622973,usr-yih@codecrafters-inc.com,usr-okv@codecrafters-inc.com
310,2024-01-01 08:03:43.173681,usr-ign@codecrafters-inc.com,usr-ign@codecrafters-inc.com
311,2024-01-01 08:03:59.524576,usr-pia@codecrafters-inc.com,usr-pia@codecrafters-inc.com
312,2024-01-01 08:04:00.784922,usr-fdo@codecrafters-inc.com,usr-inx@codecrafters-inc.com
313,2024-01-01 08:04:11.840269,usr-syd@codecrafters-inc.com,usr-ign@codecrafters-inc.com
314,2024-01-01 08:04:24.553848,usr-avc@codecrafters-inc.com,usr-ifd@codecrafters-inc.com
315,2024-01-01 08:05:22.099606,usr-cwi@codecrafters-inc.com,usr-ntp@codecrafters-inc.com
316,2024-01-01 08:05:22.383303,usr-zsj@codecrafters-inc.com,usr-fxu@codecrafters-inc.com
317,2024-01-01 08:05:51.805029,usr-syd@codecrafters-inc.com,usr-pia@codecrafters-inc.com
318,2024-01-01 08:06:01.974128,usr-syd@codecrafters-inc.com,usr-oph@codecrafters-inc.com
319,2024-01-01 08:06:26.834861,usr-qpv@codecrafters-inc.com,usr-wis@codecrafters-inc.com
320,2024-01-01 08:06:30.705943,usr-dbq@codecrafters-inc.com,usr-gvm@codecrafters-inc.com
321,2024-01-01 08:07:15.398656,usr-fdo@codecrafters-inc.com,usr-ntp@codecrafters-inc.com
322,2024-01-01 08:07:24.136525,usr-ubt@codecrafters-inc.com,usr-lxb@codecrafters-inc.com
323,2024-01-01 08:07:28.799612,usr-oph@codecrafters-inc.com,usr-pcx@codecrafters-inc.com
324,2024-01-01 08:07:39.134464,usr-jmc@codecrafters-inc.com,usr-fta@codecrafters-inc.com
325,2024-01-01 08:08:02.361232,usr-xye@codecrafters-inc.com,usr-ntp@codecrafters-inc.com
326,2024-01-01 08:08:46.565546,usr-pia@codecrafters-inc.com,usr-wis@codecrafters-inc.com
327,2024-01-01 08:09:04.048195,usr-ign@codecrafters-inc.com,usr-mdm@codecrafters-inc.com
328,2024-01-01 08:09:13.479216,usr-fdo@codecrafters-inc.com,usr-pcx@codecrafters-inc.com
329,2024-01-01 08:09:16.800322,usr-cwi@codecrafters-inc.com,usr-mdm@codecrafters-inc.com
330,2024-01-01 08:09:41.562250,usr-wis@codecrafters-inc.com,usr-ntp@codecrafters-inc.com
331,2024-01-01 08:09:47.760499,usr-ntp@codecrafters-inc.com,usr-oph@codecrafters-inc.com
332,2024-01-01 08:09:52.303063,usr-pcx@codecrafters-inc.com,usr-agf@codecrafters-inc.com
333,2024-01-01 08:10:13.510640,usr-hxw@codecrafters-inc.com,usr-wis@codecrafters-inc.com
334,2024-01-01 08:10:16.425871,usr-dbq@codecrafters-inc.com,usr-crz@codecrafters-inc.com
335,2024-01-01 08:10:21.121291,usr-fdo@codecrafters-inc.com,usr-fdo@codecrafters-inc.com
336,2024-01-01 08:10:55.380076,usr-agf@codecrafters-inc.com,usr-pcx@codecrafters-inc.com
337,2024-01-01 08:11:01.694246,usr-mdm@codecrafters-inc.com,usr-ign@codecrafters-inc.com
338,2024-01-01 08:11:16.057961,usr-xye@codecrafters-inc.com,usr-qpv@codecrafters-inc.com
339,2024-01-01 08:11:36.636803,usr-inx@codecrafters-inc.com,usr-pia@codecrafters-inc.com
340,2024-01-01 08:11:55.884272,usr-ntp@codecrafters-inc.com,usr-ntp@codecrafters-inc.com
341,2024-01-01 08:12:27.441706,usr-ego@codecrafters-inc.com,usr-sps@codecrafters-inc.com
342,2024-01-01 08:13:03.541360,usr-oph@codecrafters-inc.com,usr-pia@codecrafters-inc.com
343,2024-01-01 08:13:17.722183,usr-agf@codecrafters-inc.com,usr-ntp@codecrafters-inc.com
344,2024-01-01 08:14:23.569185,usr-cwi@codecrafters-inc.com,usr-ign@codecrafters-inc.com
345,2024-01-01 08:14:23.591119,usr-pah@codecrafters-inc.com,usr-crz@codecrafters-inc.com
346,2024-01-01 08:14:58.941606,usr-mdm@codecrafters-inc.com,usr-wis@codecrafters-inc.com
347,2024-01-01 08:15:46.818462,usr-xye@codecrafters-inc.com,usr-pia@codecrafters-inc.com
348,2024-01-01 08:15:54.863017,usr-oph@codecrafters-inc.com,usr-pia@codecrafters-inc.com
349,2024-01-01 08:17:18.959837,usr-ntp@codecrafters-inc.com,usr-wis@codecrafters-inc.com
350,2024-01-01 08:17:28.086697,usr-agf@codecrafters-inc.com,usr-ign@codecrafters-inc.com
351,2024-01-01 08:17:44.627337,usr-hxw@codecrafters-inc.com,usr-pcx@codecrafters-inc.com
352,2024-01-01 08:18:36.896124,usr-okv@codecrafters-inc.com,usr-pah@codecrafters-inc.com
353,2024-01-01 08:18:44.384466,usr-hxw@codecrafters-inc.com,usr-agf@codecrafters-inc.com
354,2024-01-01 08:20:01.571711,usr-pia@codecrafters-inc.com,usr-qpv@codecrafters-inc.com
355,2024-01-01 08:20:25.884741,usr-mdm@codecrafters-inc.com,usr-pcx@codecrafters-inc.com
356,2024-01-01 08:21:10.161417,usr-wis@codecrafters-inc.com,usr-fdo@codecrafters-inc.com
357,2024-01-01 08:21:47.930648,usr-cwi@codecrafters-inc.com,usr-mdm@codecrafters-inc.com
358,2024-01-01 08:21:54.442970,usr-agf@codecrafters-inc.com,usr-syd@codecrafters-inc.com
359,2024-01-01 08:22:39.831071,usr-zzy@codecrafters-inc.com,usr-gai@codecrafters-inc.com
360,2024-01-01 08:23:36.116212,usr-zsj@codecrafters-inc.com,usr-gai@codecrafters-inc.com
361,2024-01-01 08:23:43.848840,usr-mfu@codecrafters-inc.com,usr-suh@codecrafters-inc.com
362,2024-01-01 08:24:21.376736,usr-ifd@codecrafters-inc.com,usr-tus@codecrafters-inc.com
363,2024-01-01 08:24:39.064139,usr-xye@codecrafters-inc.com,usr-agf@codecrafters-inc.com
364,2024-01-01 08:25:33.998000,usr-ntp@codecrafters-inc.com,usr-fdo@codecrafters-inc.com
365,2024-01-01 08:25:50.282143,usr-syd@codecrafters-inc.com,usr-qhu@codecrafters-inc.com
366,2024-01-01 08:26:00.393903,usr-pcx@codecrafters-inc.com,usr-mdm@codecrafters-inc.com
367,2024-01-01 08:26:09.902198,usr-mdm@codecrafters-inc.com,usr-agf@codecrafters-inc.com
368,2024-01-01 08:26:13.108094,usr-inx@codecrafters-inc.com,usr-mdm@codecrafters-inc.com
369,2024-01-01 08:26:43.489706,usr-cwi@codecrafters-inc.com,usr-pia@codecrafters-inc.com
370,2024-01-01 08:26:49.072362,usr-gai@codecrafters-inc.com,usr-jmc@codecrafters-inc.com
371,2024-01-01 08:27:03.026093,usr-hxw@codecrafters-inc.com,usr-cwi@codecrafters-inc.com
372,2024-01-01 08:27:17.800772,usr-hta@codecrafters-inc.com,usr-ytk@codecrafters-inc.com
373,2024-01-01 08:27:23.500387,usr-ego@codecrafters-inc.com,usr-vag@codecrafters-inc.com
374,2024-01-01 08:27:39.707953,usr-lxb@codecrafters-inc.com,usr-pah@codecrafters-inc.com
375,2024-01-01 08:27:47.745800,usr-zzy@codecrafters-inc.com,usr-fxu@codecrafters-inc.com
376,2024-01-01 08:29:11.603315,usr-hxw@codecrafters-inc.com,usr-cwi@codecrafters-inc.com
377,2024-01-01 08:29:50.888177,usr-ntp@codecrafters-inc.com,usr-mdm@codecrafters-inc.com
378,2024-01-01 08:30:05.295093,usr-mfu@codecrafters-inc.com,usr-qty@codecrafters-inc.com
379,2024-01-01 08:30:13.651591,usr-syd@codecrafters-inc.com,usr-xye@codecrafters-inc.com
380,2024-01-01 08:30:14.298077,usr-inx@codecrafters-inc.com,usr-hxw@codecrafters-inc.com
381,2024-01-01 08:31:15.990335,usr-zsj@codecrafters-inc.com,usr-yih@codecrafters-inc.com
382,2024-01-01 08:31:22.421789,usr-wis@codecrafters-inc.com,usr-pcx@codecrafters-inc.com
383,2024-01-01 08:31:27.102174,usr-xye@codecrafters-inc.com,usr-pcx@codecrafters-inc.com
384,2024-01-01 08:31:45.104113,usr-hta@codecrafters-inc.com,usr-lxb@codecrafters-inc.com
385,2024-01-01 08:32:00.686755,usr-xye@codecrafters-inc.com,usr-pcx@codecrafters-inc.com
386,2024-01-01 08:32:04.173260,usr-fjl@codecrafters-inc.com,usr-inr@codecrafters-inc.com
387,2024-01-01 08:32:52.474490,usr-lxb@codecrafters-inc.com,usr-jmc@codecrafters-inc.com
388,2024-01-01 08:33:03.331742,usr-syd@codecrafters-inc.com,usr-wis@codecrafters-inc.com
389,2024-01-01 08:33:28.028758,usr-syd@codecrafters-inc.com,usr-mdm@codecrafters-inc.com
390,2024-01-01 08:33:44.245266,usr-ign@codecrafters-inc.com,usr-ign@codecrafters-inc.com
391,2024-01-01 08:34:05.379392,usr-inx@codecrafters-inc.com,usr-hxw@codecrafters-inc.com
392,2024-01-01 08:34:27.865500,usr-pia@codecrafters-inc.com,usr-pcx@codecrafters-inc.com
393,2024-01-01 08:35:17.410764,usr-oph@codecrafters-inc.com,usr-syd@codecrafters-inc.com
394,2024-01-01 08:35:24.462470,usr-pcx@codecrafters-inc.com,usr-ign@codecrafters-inc.com
395,2024-01-01 08:35:33.140488,usr-qsg@codecrafters-inc.com,usr-zlc@codecrafters-inc.com
396,2024-01-01 08:37:01.774345,usr-pcx@codecrafters-inc.com,usr-mdm@codecrafters-inc.com
397,2024-01-01 08:37:52.633383,usr-cwi@codecrafters-inc.com,usr-ntp@codecrafters-inc.com
398,2024-01-01 08:38:25.872617,usr-syd@codecrafters-inc.com,usr-xye@codecrafters-inc.com
399,2024-01-01 08:38:57.524949,usr-pia@codecrafters-inc.com,usr-inx@codecrafters-inc.com
400,2024-01-01 08:39:06.661182,usr-fta@codecrafters-inc.com,usr-pru@codecrafters-inc.com
401,2024-01-01 08:39:12.093196,usr-pcx@codecrafters-inc.com,usr-fdo@codecrafters-inc.com
402,2024-01-01 08:39:15.597163,usr-cwi@codecrafters-inc.com,usr-fdo@codecrafters-inc.com
403,2024-01-01 08:39:53.469194,usr-syd@codecrafters-inc.com,usr-hxw@codecrafters-inc.com
404,2024-01-01 08:40:08.971491,usr-mdm@codecrafters-inc.com,usr-hxw@codecrafters-inc.com
405,2024-01-01 08:40:22.128891,usr-ntp@codecrafters-inc.com,usr-hxw@codecrafters-inc.com
406,2024-01-01 08:41:16.656605,usr-inx@codecrafters-inc.com,usr-fdo@codecrafters-inc.com
407,2024-01-01 08:41:19.006719,usr-pcx@codecrafters-inc.com,usr-fdo@codecrafters-inc.com
408,2024-01-01 08:42:48.176723,usr-ntp@codecrafters-inc.com,usr-mdm@codecrafters-inc.com
409,2024-01-01 08:43:19.145107,usr-ign@codecrafters-inc.com,usr-fdo@codecrafters-inc.com
410,2024-01-01 08:43:36.014668,usr-ign@codecrafters-inc.com,usr-pia@codecrafters-inc.com
411,2024-01-01 08:44:23.048226,usr-pcx@codecrafters-inc.com,usr-inx@codecrafters-inc.com
412,2024-01-01 08:44:37.821819,usr-fdo@codecrafters-inc.com,usr-qpv@codecrafters-inc.com
413,2024-01-01 08:45:49.826940,usr-inr@codecrafters-inc.com,usr-gvm@codecrafters-inc.com
414,2024-01-01 08:45:51.568437,usr-ntp@codecrafters-inc.com,usr-agf@codecrafters-inc.com
415,2024-01-01 08:46:20.176761,usr-hxw@codecrafters-inc.com,usr-qhu@codecrafters-inc.com
416,2024-01-01 08:47:03.925951,usr-oph@codecrafters-inc.com,usr-ign@codecrafters-inc.com
417,2024-01-01 08:47:15.929131,usr-qsg@codecrafters-inc.com,usr-uzs@codecrafters-inc.com
418,2024-01-01 08:47:23.493583,usr-pia@codecrafters-inc.com,usr-pcx@codecrafters-inc.com
419,2024-01-01 08:47:23.968420,usr-wis@codecrafters-inc.com,usr-xye@codecrafters-inc.com
420,2024-01-01 08:47:30.385863,usr-ntp@codecrafters-inc.com,usr-agf@codecrafters-inc.com
421,2024-01-01 08:47:44.048884,usr-inx@codecrafters-inc.com,usr-hxw@codecrafters-inc.com
422,2024-01-01 08:48:52.642551,usr-bpm@codecrafters-inc.com,usr-okv@codecrafters-inc.com
423,2024-01-01 08:49:18.002845,usr-qhu@codecrafters-inc.com,usr-pia@codecrafters-inc.com
424,2024-01-01 08:49:37.733284,usr-agf@codecrafters-inc.com,usr-fdo@codecrafters-inc.com
425,2024-01-01 08:49:59.672385,usr-mdm@codecrafters-inc.com,usr-xye@codecrafters-inc.com
426,2024-01-01 08:50:07.351553,usr-xye@codecrafters-inc.com,usr-pia@codecrafters-inc.com
427,2024-01-01 08:50:48.929490,usr-pia@codecrafters-inc.com,usr-mdm@codecrafters-inc.com
428,2024-01-01 08:51:00.257956,usr-goq@codecrafters-inc.com,usr-gyv@codecrafters-inc.com
429,2024-01-01 08:52:17.156859,usr-pah@codecrafters-inc.com,usr-zsj@codecrafters-inc.com
430,2024-01-01 08:52:24.650182,usr-qsg@codecrafters-inc.com,usr-dur@codecrafters-inc.com
431,2024-01-01 08:52:51.714967,usr-ego@codecrafters-inc.com,usr-tci@codecrafters-inc.com
432,2024-01-01 08:53:00.303467,usr-qhu@codecrafters-inc.com,usr-qpv@codecrafters-inc.com
433,2024-01-01 08:53:04.817894,usr-mdm@codecrafters-inc.com,usr-syd@codecrafters-inc.com
434,2024-01-01 08:53:27.934328,usr-ego@codecrafters-inc.com,usr-gyv@codecrafters-inc.com
435,2024-01-01 08:53:31.173402,usr-gvm@codecrafters-inc.com,usr-fta@codecrafters-inc.com
436,2024-01-01 08:53:37.039809,usr-mdm@codecrafters-inc.com,usr-fdo@codecrafters-inc.com
437,2024-01-01 08:53:52.014424,usr-pah@codecrafters-inc.com,usr-lrw@codecrafters-inc.com
438,2024-01-01 08:53:59.060604,usr-lxb@codecrafters-inc.com,usr-fxu@codecrafters-inc.com
439,2024-01-01 08:54:11.485535,usr-lrw@codecrafters-inc.com,usr-ubt@codecrafters-inc.com
440,2024-01-01 08:54:53.684291,usr-lxb@codecrafters-inc.com,usr-gai@codecrafters-inc.com
441,2024-01-01 08:54:58.815400,usr-ntp@codecrafters-inc.com,usr-wis@codecrafters-inc.com
442,2024-01-01 08:55:02.402406,usr-lrw@codecrafters-inc.com,usr-bpm@codecrafters-inc.com
443,2024-01-01 08:55:46.484939,usr-ubt@codecrafters-inc.com,usr-pah@codecrafters-inc.com
444,2024-01-01 08:55:58.950108,usr-qty@codecrafters-inc.com,usr-emo@codecrafters-inc.com
445,2024-01-01 08:56:15.934616,usr-qsg@codecrafters-inc.com,usr-goq@codecrafters-inc.com
446,2024-01-01 08:56:20.951008,usr-goq@codecrafters-inc.com,usr-fyk@codecrafters-inc.com
447,2024-01-01 08:56:38.255879,usr-hxw@codecrafters-inc.com,usr-fdo@codecrafters-inc.com
448,2024-01-01 08:57:42.017126,usr-mdm@codecrafters-inc.com,usr-pia@codecrafters-inc.com
449,2024-01-01 08:58:16.330266,usr-mfu@codecrafters-inc.com,usr-gxa@codecrafters-inc.com
450,2024-01-01 08:58:30.336425,usr-mfu@codecrafters-inc.com,usr-gxa@codecrafters-inc.com
451,2024-01-01 08:58:43.812631,usr-agf@codecrafters-inc.com,usr-xye@codecrafters-inc.com
452,2024-01-01 08:58:53.464088,usr-inx@codecrafters-inc.com,usr-fdo@codecrafters-inc.com
453,2024-01-01 08:59:13.262739,usr-mdm@codecrafters-inc.com,usr-fdo@codecrafters-inc.com
454,2024-01-01 08:59:25.497181,usr-qsg@codecrafters-inc.com,usr-gxa@codecrafters-inc.com
455,2024-01-01 08:59:26.004355,usr-pia@codecrafters-inc.com,usr-mdm@codecrafters-inc.com
456,2024-01-01 09:00:49.092151,usr-ego@codecrafters-inc.com,usr-klc@codecrafters-inc.com
457,2024-01-01 09:01:04.467672,usr-cwi@codecrafters-inc.com,usr-syd@codecrafters-inc.com
458,2024-01-01 09:01:05.051682,usr-pia@codecrafters-inc.com,usr-oph@codecrafters-inc.com
459,2024-01-01 09:01:07.897809,usr-pcx@codecrafters-inc.com,usr-ign@codecrafters-inc.com
460,2024-01-01 09:01:23.036905,usr-inx@codecrafters-inc.com,usr-ign@codecrafters-inc.com
461,2024-01-01 09:01:30.326837,usr-gyv@codecrafters-inc.com,usr-lbw@codecrafters-inc.com
462,2024-01-01 09:02:05.537343,usr-inr@codecrafters-inc.com,usr-crz@codecrafters-inc.com
463,2024-01-01 09:03:10.415775,usr-xye@codecrafters-inc.com,usr-qhu@codecrafters-inc.com
464,2024-01-01 09:03:25.778853,usr-zsj@codecrafters-inc.com,usr-bpm@codecrafters-inc.com
465,2024-01-01 09:03:36.385457,usr-ntp@codecrafters-inc.com,usr-oph@codecrafters-inc.com
466,2024-01-01 09:03:59.003098,usr-syd@codecrafters-inc.com,usr-oph@codecrafters-inc.com
467,2024-01-01 09:04:15.826741,usr-gyv@codecrafters-inc.com,usr-hqj@codecrafters-inc.com
468,2024-01-01 09:04:25.011434,usr-pru@codecrafters-inc.com,usr-zsj@codecrafters-inc.com
469,2024-01-01 09:04:47.013332,usr-wis@codecrafters-inc.com,usr-pcx@codecrafters-inc.com
470,2024-01-01 09:04:47.130162,usr-hxw@codecrafters-inc.com,usr-ntp@codecrafters-inc.com
471,2024-01-01 09:04:52.611440,usr-cwi@codecrafters-inc.com,usr-syd@codecrafters-inc.com
472,2024-01-01 09:04:56.504240,usr-qhu@codecrafters-inc.com,usr-fdo@codecrafters-inc.com
473,2024-01-01 09:04:59.926774,usr-gyv@codecrafters-inc.com,usr-hqj@codecrafters-inc.com
474,2024-01-01 09:05:07.525589,usr-fdo@codecrafters-inc.com,usr-mdm@codecrafters-inc.com
475,2024-01-01 09:05:08.564621,usr-gyv@codecrafters-inc.com,usr-bit@codecrafters-inc.com
476,2024-01-01 09:05:12.368553,usr-inx@codecrafters-inc.com,usr-xye@codecrafters-inc.com
477,2024-01-01 09:05:14.901346,usr-dbq@codecrafters-inc.com,usr-hth@codecrafters-inc.com
478,2024-01-01 09:05:19.834465,usr-pcx@codecrafters-inc.com,usr-qhu@codecrafters-inc.com
479,2024-01-01 09:05:28.959959,usr-lrw@codecrafters-inc.com,usr-zsj@codecrafters-inc.com
480,2024-01-01 09:05:29.731745,usr-mfu@codecrafters-inc.com,usr-ego@codecrafters-inc.com
481,2024-01-01 09:05:41.010123,usr-fdo@codecrafters-inc.com,usr-inx@codecrafters-inc.com
482,2024-01-01 09:06:47.343866,usr-fdo@codecrafters-inc.com,usr-pcx@codecrafters-inc.com
483,2024-01-01 09:07:12.215229,usr-zzy@codecrafters-inc.com,usr-ytk@codecrafters-inc.com
484,2024-01-01 09:07:25.070157,usr-ntp@codecrafters-inc.com,usr-qhu@codecrafters-inc.com
485,2024-01-01 09:07:33.292579,usr-ign@codecrafters-inc.com,usr-wis@codecrafters-inc.com
486,2024-01-01 09:07:37.342202,usr-oph@codecrafters-inc.com,usr-qpv@codecrafters-inc.com
487,2024-01-01 09:07:41.335337,usr-qsg@codecrafters-inc.com,usr-fyk@codecrafters-inc.com
488,2024-01-01 09:08:02.735188,usr-fta@codecrafters-inc.com,usr-pru@codecrafters-inc.com
489,2024-01-01 09:08:07.107631,usr-qsg@codecrafters-inc.com,usr-evt@codecrafters-inc.com
490,2024-01-01 09:08:12.401317,usr-cjk@codecrafters-inc.com,usr-evt@codecrafters-inc.com
491,2024-01-01 09:08:18.143747,usr-hxw@codecrafters-inc.com,usr-wis@codecrafters-inc.com
492,2024-01-01 09:08:36.408715,usr-ntp@codecrafters-inc.com,usr-pia@codecrafters-inc.com
493,2024-01-01 09:08:46.806747,usr-qty@codecrafters-inc.com,usr-qty@codecrafters-inc.com
494,2024-01-01 09:08:58.530505,usr-gai@codecrafters-inc.com,usr-zsj@codecrafters-inc.com
495,2024-01-01 09:09:15.055181,usr-inx@codecrafters-inc.com,usr-fdo@codecrafters-inc.com
496,2024-01-01 09:09:46.424059,usr-ntp@codecrafters-inc.com,usr-wis@codecrafters-inc.com
497,2024-01-01 09:10:06.570199,usr-wis@codecrafters-inc.com,usr-fdo@codecrafters-inc.com
498,2024-01-01 09:10:20.814940,usr-hxw@codecrafters-inc.com,usr-oph@codecrafters-inc.com
499,2024-01-01 09:10:37.129864,usr-tcn@codecrafters-inc.com,usr-gxa@codecrafters-inc.com
500,2024-01-01 09:10:41.650899,usr-mfu@codecrafters-inc.com,usr-mfu@codecrafters-inc.com
501,2024-01-01 09:10:48.300514,usr-gai@codecrafters-inc.com,usr-gai@codecrafters-inc.com
502,2024-01-01 09:10:56.954822,usr-xws@codecrafters-inc.com,usr-ayp@codecrafters-inc.com
503,2024-01-01 09:11:17.082398,usr-fdo@codecrafters-inc.com,usr-qpv@codecrafters-inc.com
504,2024-01-01 09:11:22.127332,usr-syd@codecrafters-inc.com,usr-cwi@codecrafters-inc.com
505,2024-01-01 09:11:28.433109,usr-inx@codecrafters-inc.com,usr-wis@codecrafters-inc.com
506,2024-01-01 09:11:39.090598,usr-mdm@codecrafters-inc.com,usr-ntp@codecrafters-inc.com
507,2024-01-01 09:11:41.458797,usr-xye@codecrafters-inc.com,usr-hxw@codecrafters-inc.com
508,2024-01-01 09:11:54.412794,usr-qpv@codecrafters-inc.com,usr-pia@codecrafters-inc.com
509,2024-01-01 09:12:01.633457,usr-okv@codecrafters-inc.com,usr-fta@codecrafters-inc.com
510,2024-01-01 09:12:17.988856,usr-goq@codecrafters-inc.com,usr-ccc@codecrafters-inc.com
511,2024-01-01 09:12:30.477953,usr-oph@codecrafters-inc.com,usr-pcx@codecrafters-inc.com
512,2024-01-01 09:12:45.898120,usr-tcn@codecrafters-inc.com,usr-cjk@codecrafters-inc.com
513,2024-01-01 09:13:09.512015,usr-gyv@codecrafters-inc.com,usr-dur@codecrafters-inc.com
514,2024-01-01 09:13:28.488007,usr-oph@codecrafters-inc.com,usr-syd@codecrafters-inc.com
515,2024-01-01 09:13:49.153544,usr-wda@codecrafters-inc.com,usr-tok@codecrafters-inc.com
516,2024-01-01 09:14:04.907736,usr-mfu@codecrafters-inc.com,usr-zlc@codecrafters-inc.com
517,2024-01-01 09:14:06.593522,usr-tcn@codecrafters-inc.com,usr-zpf@codecrafters-inc.com
518,2024-01-01 09:14:11.062551,usr-gvm@codecrafters-inc.com,usr-kos@codecrafters-inc.com
519,2024-01-01 09:14:33.607694,usr-emo@codecrafters-inc.com,usr-lbw@codecrafters-inc.com
520,2024-01-01 09:14:36.562260,usr-mdm@codecrafters-inc.com,usr-ign@codecrafters-inc.com
521,2024-01-01 09:15:10.024795,usr-goq@codecrafters-inc.com,usr-goq@codecrafters-inc.com
522,2024-01-01 09:15:16.099153,usr-ign@codecrafters-inc.com,usr-cwi@codecrafters-inc.com
523,2024-01-01 09:15:16.872426,usr-zpf@codecrafters-inc.com,usr-zbu@codecrafters-inc.com
524,2024-01-01 09:15:17.608261,usr-pcx@codecrafters-inc.com,usr-ign@codecrafters-inc.com
525,2024-01-01 09:15:29.167040,usr-tcn@codecrafters-inc.com,usr-qaj@codecrafters-inc.com
526,2024-01-01 09:15:31.352506,usr-yih@codecrafters-inc.com,usr-pru@codecrafters-inc.com
527,2024-01-01 09:15:47.877728,usr-oux@codecrafters-inc.com,usr-ccc@codecrafters-inc.com
528,2024-01-01 09:16:21.595038,usr-ego@codecrafters-inc.com,usr-ego@codecrafters-inc.com
529,2024-01-01 09:16:40.141930,usr-mfu@codecrafters-inc.com,usr-gpi@codecrafters-inc.com
530,2024-01-01 09:17:00.409109,usr-zsj@codecrafters-inc.com,usr-ytk@codecrafters-inc.com
531,2024-01-01 09:17:07.420525,usr-gyv@codecrafters-inc.com,usr-qaj@codecrafters-inc.com
532,2024-01-01 09:17:08.250740,usr-fdo@codecrafters-inc.com,usr-syd@codecrafters-inc.com
533,2024-01-01 09:18:39.428531,usr-dur@codecrafters-inc.com,usr-klc@codecrafters-inc.com
534,2024-01-01 09:18:45.763483,usr-noh@codecrafters-inc.com,usr-dur@codecrafters-inc.com
535,2024-01-01 09:18:50.909831,usr-cwi@codecrafters-inc.com,usr-syd@codecrafters-inc.com
536,2024-01-01 09:19:32.329996,usr-qty@codecrafters-inc.com,usr-ecl@codecrafters-inc.com
537,2024-01-01 09:19:40.934858,usr-qhu@codecrafters-inc.com,usr-mdm@codecrafters-inc.com
538,2024-01-01 09:19:47.240601,usr-mfu@codecrafters-inc.com,usr-qty@codecrafters-inc.com
539,2024-01-01 09:19:50.456570,usr-noh@codecrafters-inc.com,usr-qaj@codecrafters-inc.com
540,2024-01-01 09:19:54.111725,usr-tcn@codecrafters-inc.com,usr-qse@codecrafters-inc.com
541,2024-01-01 09:19:58.191290,usr-emo@codecrafters-inc.com,usr-evt@codecrafters-inc.com
542,2024-01-01 09:20:02.380704,usr-pia@codecrafters-inc.com,usr-syd@codecrafters-inc.com
543,2024-01-01 09:20:06.557793,usr-syd@codecrafters-inc.com,usr-xye@codecrafters-inc.com
544,2024-01-01 09:20:10.914545,usr-klc@codecrafters-inc.com,usr-qaj@codecrafters-inc.com
545,2024-01-01 09:20:21.045069,usr-qhu@codecrafters-inc.com,usr-cwi@codecrafters-inc.com
546,2024-01-01 09:20:49.270296,usr-emo@codecrafters-inc.com,usr-fyk@codecrafters-inc.com
547,2024-01-01 09:21:17.959824,usr-agf@codecrafters-inc.com,usr-mdm@codecrafters-inc.com
548,2024-01-01 09:21:54.413302,usr-wis@codecrafters-inc.com,usr-cwi@codecrafters-inc.com
549,2024-01-01 09:21:58.653094,usr-oph@codecrafters-inc.com,usr-qhu@codecrafters-inc.com
550,2024-01-01 09:22:32.817133,usr-pcx@codecrafters-inc.com,usr-qpv@codecrafters-inc.com
551,2024-01-01 09:22:35.987079,usr-zbu@codecrafters-inc.com,usr-lbw@codecrafters-inc.com
552,2024-01-01 09:23:20.080962,usr-ntp@codecrafters-inc.com,usr-syd@codecrafters-inc.com
553,2024-01-01 09:23:34.657347,usr-oph@codecrafters-inc.com,usr-fdo@codecrafters-inc.com
554,2024-01-01 09:24:03.632421,usr-hqj@codecrafters-inc.com,usr-qse@codecrafters-inc.com
555,2024-01-01 09:24:09.939815,usr-ifd@codecrafters-inc.com,usr-bit@codecrafters-inc.com
556,2024-01-01 09:24:19.888149,usr-qsg@codecrafters-inc.com,usr-evt@codecrafters-inc.com
557,2024-01-01 09:24:39.160671,usr-qsg@codecrafters-inc.com,usr-tus@codecrafters-inc.com
558,2024-01-01 09:24:40.994471,usr-qty@codecrafters-inc.com,usr-apl@codecrafters-inc.com
559,2024-01-01 09:24:46.523703,usr-wis@codecrafters-inc.com,usr-xye@codecrafters-inc.com
560,2024-01-01 09:24:58.645854,usr-mfu@codecrafters-inc.com,usr-vig@codecrafters-inc.com
561,2024-01-01 09:25:19.663009,usr-mfu@codecrafters-inc.com,usr-klc@codecrafters-inc.com
562,2024-01-01 09:26:06.577189,usr-bat@codecrafters-inc.com,usr-wda@codecrafters-inc.com
563,2024-01-01 09:26:06.751546,usr-cwi@codecrafters-inc.com,usr-fdo@codecrafters-inc.com
564,2024-01-01 09:26:13.678917,usr-ign@codecrafters-inc.com,usr-pcx@codecrafters-inc.com
565,2024-01-01 09:26:53.711025,usr-pah@codecrafters-inc.com,usr-inr@codecrafters-inc.com
566,2024-01-01 09:27:04.762806,usr-zbu@codecrafters-inc.com,usr-emo@codecrafters-inc.com
567,2024-01-01 09:27:08.438814,usr-klc@codecrafters-inc.com,usr-apl@codecrafters-inc.com
568,2024-01-01 09:27:18.168953,usr-mcc@codecrafters-inc.com,usr-fyk@codecrafters-inc.com
569,2024-01-01 09:27:33.296022,usr-zbu@codecrafters-inc.com,usr-zlc@codecrafters-inc.com
570,2024-01-01 09:27:36.904819,usr-ntp@codecrafters-inc.com,usr-agf@codecrafters-inc.com
571,2024-01-01 09:27:43.486939,usr-tcn@codecrafters-inc.com,usr-vag@codecrafters-inc.com
572,2024-01-01 09:27:55.953955,usr-oph@codecrafters-inc.com,usr-pcx@codecrafters-inc.com
573,2024-01-01 09:28:10.190367,usr-fdo@codecrafters-inc.com,usr-agf@codecrafters-inc.com
574,2024-01-01 09:28:38.538092,usr-gvm@codecrafters-inc.com,usr-hta@codecrafters-inc.com
575,2024-01-01 09:28:47.225472,usr-qhu@codecrafters-inc.com,usr-oph@codecrafters-inc.com
576,2024-01-01 09:28:49.312977,usr-qty@codecrafters-inc.com,usr-goq@codecrafters-inc.com
577,2024-01-01 09:29:32.063997,usr-qpv@codecrafters-inc.com,usr-cwi@codecrafters-inc.com
578,2024-01-01 09:29:34.582540,usr-xye@codecrafters-inc.com,usr-wis@codecrafters-inc.com
579,2024-01-01 09:29:36.099779,usr-mfu@codecrafters-inc.com,usr-wda@codecrafters-inc.com
580,2024-01-01 09:29:36.599557,usr-inx@codecrafters-inc.com,usr-syd@codecrafters-inc.com
581,2024-01-01 09:30:03.306449,usr-hxw@codecrafters-inc.com,usr-agf@codecrafters-inc.com
582,2024-01-01 09:30:03.495180,usr-gyv@codecrafters-inc.com,usr-qpu@codecrafters-inc.com
583,2024-01-01 09:30:15.440683,usr-inx@codecrafters-inc.com,usr-pcx@codecrafters-inc.com
584,2024-01-01 09:30:18.367722,usr-qsg@codecrafters-inc.com,usr-wda@codecrafters-inc.com
585,2024-01-01 09:30:21.247789,usr-qpv@codecrafters-inc.com,usr-hxw@codecrafters-inc.com
586,2024-01-01 09:30:41.830473,usr-qse@codecrafters-inc.com,usr-qty@codecrafters-inc.com
587,2024-01-01 09:31:01.937466,usr-lxb@codecrafters-inc.com,usr-inr@codecrafters-inc.com
588,2024-01-01 09:31:24.306099,usr-qaj@codecrafters-inc.com,usr-nyd@codecrafters-inc.com
589,2024-01-01 09:31:43.559673,usr-cjk@codecrafters-inc.com,usr-gmh@codecrafters-inc.com
590,2024-01-01 09:31:46.072104,usr-qhu@codecrafters-inc.com,usr-hxw@codecrafters-inc.com
591,2024-01-01 09:31:54.504722,usr-goq@codecrafters-inc.com,usr-qpu@codecrafters-inc.com
592,2024-01-01 09:32:07.635178,usr-syd@codecrafters-inc.com,usr-qpv@codecrafters-inc.com
593,2024-01-01 09:32:12.844309,usr-pia@codecrafters-inc.com,usr-qhu@codecrafters-inc.com
594,2024-01-01 09:32:33.153370,usr-cwi@codecrafters-inc.com,usr-agf@codecrafters-inc.com
595,2024-01-01 09:32:49.781584,usr-xws@codecrafters-inc.com,usr-hta@codecrafters-inc.com
596,2024-01-01 09:32:53.843129,usr-xye@codecrafters-inc.com,usr-syd@codecrafters-inc.com
597,2024-01-01 09:33:05.378603,usr-hxw@codecrafters-inc.com,usr-qhu@codecrafters-inc.com
598,2024-01-01 09:33:39.256859,usr-wis@codecrafters-inc.com,usr-qpv@codecrafters-inc.com
599,2024-01-01 09:33:58.549351,usr-cwi@codecrafters-inc.com,usr-hxw@codecrafters-inc.com
600,2024-01-01 09:34:06.923751,usr-qaj@codecrafters-inc.com,usr-apl@codecrafters-inc.com
601,2024-01-01 09:34:10.752491,usr-wda@codecrafters-inc.com,usr-zpf@codecrafters-inc.com
602,2024-01-01 09:34:26.057330,usr-pia@codecrafters-inc.com,usr-inx@codecrafters-inc.com
603,2024-01-01 09:34:35.558069,usr-agf@codecrafters-inc.com,usr-syd@codecrafters-inc.com
604,2024-01-01 09:34:55.995148,usr-zwh@codecrafters-inc.com,usr-tcn@codecrafters-inc.com
605,2024-01-01 09:35:17.564125,usr-ign@codecrafters-inc.com,usr-hxw@codecrafters-inc.com
606,2024-01-01 09:35:31.469330,usr-gyv@codecrafters-inc.com,usr-ego@codecrafters-inc.com
607,2024-01-01 09:35:50.168252,usr-mdm@codecrafters-inc.com,usr-cwi@codecrafters-inc.com
608,2024-01-01 09:36:05.901251,usr-syd@codecrafters-inc.com,usr-pia@codecrafters-inc.com
609,2024-01-01 09:36:12.384015,usr-qsg@codecrafters-inc.com,usr-uzs@codecrafters-inc.com
610,2024-01-01 09:36:39.900080,usr-oph@codecrafters-inc.com,usr-cwi@codecrafters-inc.com
611,2024-01-01 09:36:51.815687,usr-syd@codecrafters-inc.com,usr-cwi@codecrafters-inc.com
612,2024-01-01 09:37:11.943884,usr-ego@codecrafters-inc.com,usr-lbw@codecrafters-inc.com
613,2024-01-01 09:37:21.269492,usr-vag@codecrafters-inc.com,usr-mfu@codecrafters-inc.com
614,2024-01-01 09:37:45.060835,usr-ego@codecrafters-inc.com,usr-apl@codecrafters-inc.com
615,2024-01-01 09:38:12.989818,usr-mfu@codecrafters-inc.com,usr-kge@codecrafters-inc.com
616,2024-01-01 09:38:23.655741,usr-hth@codecrafters-inc.com,usr-lxb@codecrafters-inc.com
617,2024-01-01 09:38:36.105253,usr-qsg@codecrafters-inc.com,usr-qpu@codecrafters-inc.com
618,2024-01-01 09:39:15.001533,usr-cjk@codecrafters-inc.com,usr-mms@codecrafters-inc.com
619,2024-01-01 09:39:40.711680,usr-hta@codecrafters-inc.com,usr-jmc@codecrafters-inc.com
620,2024-01-01 09:39:44.277976,usr-ntp@codecrafters-inc.com,usr-mdm@codecrafters-inc.com
621,2024-01-01 09:39:45.010621,usr-ntp@codecrafters-inc.com,usr-oph@codecrafters-inc.com
622,2024-01-01 09:39:47.241024,usr-ccc@codecrafters-inc.com,usr-gxa@codecrafters-inc.com
623,2024-01-01 09:39:47.851945,usr-ego@codecrafters-inc.com,usr-noh@codecrafters-inc.com
624,2024-01-01 09:39:49.525566,usr-gyv@codecrafters-inc.com,usr-nyd@codecrafters-inc.com
625,2024-01-01 09:40:08.094420,usr-agf@codecrafters-inc.com,usr-inx@codecrafters-inc.com
626,2024-01-01 09:40:11.373231,usr-wda@codecrafters-inc.com,usr-goq@codecrafters-inc.com
627,2024-01-01 09:40:15.943890,usr-xye@codecrafters-inc.com,usr-pcx@codecrafters-inc.com
628,2024-01-01 09:40:27.180502,usr-agf@codecrafters-inc.com,usr-qpv@codecrafters-inc.com
629,2024-01-01 09:40:47.074012,usr-vig@codecrafters-inc.com,usr-tus@codecrafters-inc.com
630,2024-01-01 09:41:19.291594,usr-wda@codecrafters-inc.com,usr-fyk@codecrafters-inc.com
631,2024-01-01 09:41:21.221688,usr-mfu@codecrafters-inc.com,usr-tus@codecrafters-inc.com
632,2024-01-01 09:41:23.852128,usr-pah@codecrafters-inc.com,usr-fxu@codecrafters-inc.com
633,2024-01-01 09:41:46.632225,usr-tcn@codecrafters-inc.com,usr-qty@codecrafters-inc.com
634,2024-01-01 09:41:49.617508,usr-crz@codecrafters-inc.com,usr-ubt@codecrafters-inc.com
635,2024-01-01 09:42:05.014114,usr-xye@codecrafters-inc.com,usr-agf@codecrafters-inc.com
636,2024-01-01 09:42:37.047446,usr-tus@codecrafters-inc.com,usr-cbb@codecrafters-inc.com
637,2024-01-01 09:42:40.028039,usr-mcc@codecrafters-inc.com,usr-gyv@codecrafters-inc.com
638,2024-01-01 09:43:02.752882,usr-emo@codecrafters-inc.com,usr-zlc@codecrafters-inc.com
639,2024-01-01 09:43:19.175372,usr-nyd@codecrafters-inc.com,usr-apl@codecrafters-inc.com
640,2024-01-01 09:43:28.493747,usr-kge@codecrafters-inc.com,usr-gpi@codecrafters-inc.com
641,2024-01-01 09:43:51.295475,usr-syd@codecrafters-inc.com,usr-qhu@codecrafters-inc.com
642,2024-01-01 09:43:56.400355,usr-hxw@codecrafters-inc.com,usr-fdo@codecrafters-inc.com
643,2024-01-01 09:43:56.497064,usr-xxw@codecrafters-inc.com,usr-mfu@codecrafters-inc.com
644,2024-01-01 09:43:57.372606,usr-emo@codecrafters-inc.com,usr-vag@codecrafters-inc.com
645,2024-01-01 09:44:08.109295,usr-vag@codecrafters-inc.com,usr-evt@codecrafters-inc.com
646,2024-01-01 09:44:13.482903,usr-ntp@codecrafters-inc.com,usr-pia@codecrafters-inc.com
647,2024-01-01 09:44:19.120284,usr-mdm@codecrafters-inc.com,usr-pcx@codecrafters-inc.com
648,2024-01-01 09:44:50.111284,usr-mdm@codecrafters-inc.com,usr-fdo@codecrafters-inc.com
649,2024-01-01 09:45:02.626455,usr-vag@codecrafters-inc.com,usr-sps@codecrafters-inc.com
650,2024-01-01 09:45:20.022588,usr-cjk@codecrafters-inc.com,usr-ego@codecrafters-inc.com
651,2024-01-01 09:45:20.916018,usr-klc@codecrafters-inc.com,usr-oux@codecrafters-inc.com
652,2024-01-01 09:45:40.660881,usr-cwi@codecrafters-inc.com,usr-agf@codecrafters-inc.com
653,2024-01-01 09:45:41.362924,usr-ego@codecrafters-inc.com,usr-bat@codecrafters-inc.com
654,2024-01-01 09:45:45.289810,usr-hxw@codecrafters-inc.com,usr-inx@codecrafters-inc.com
655,2024-01-01 09:45:52.353906,usr-emo@codecrafters-inc.com,usr-bfh@codecrafters-inc.com
656,2024-01-01 09:45:54.070578,usr-pia@codecrafters-inc.com,usr-inx@codecrafters-inc.com
657,2024-01-01 09:45:58.780914,usr-qsg@codecrafters-inc.com,usr-mcc@codecrafters-inc.com
658,2024-01-01 09:46:05.154826,usr-goq@codecrafters-inc.com,usr-vag@codecrafters-inc.com
659,2024-01-01 09:46:12.246300,usr-emo@codecrafters-inc.com,usr-ccc@codecrafters-inc.com
660,2024-01-01 09:46:16.837040,usr-noh@codecrafters-inc.com,usr-psa@codecrafters-inc.com
661,2024-01-01 09:46:19.861717,usr-goq@codecrafters-inc.com,usr-qaj@codecrafters-inc.com
662,2024-01-01 09:47:16.158176,usr-fxc@codecrafters-inc.com,usr-fxc@codecrafters-inc.com
663,2024-01-01 09:47:28.244894,usr-oux@codecrafters-inc.com,usr-tus@codecrafters-inc.com
664,2024-01-01 09:47:34.975977,usr-xye@codecrafters-inc.com,usr-pia@codecrafters-inc.com
665,2024-01-01 09:47:35.756634,usr-ntp@codecrafters-inc.com,usr-pcx@codecrafters-inc.com
666,2024-01-01 09:48:02.189948,usr-ign@codecrafters-inc.com,usr-mdm@codecrafters-inc.com
667,2024-01-01 09:48:06.393577,usr-cwi@codecrafters-inc.com,usr-ntp@codecrafters-inc.com
668,2024-01-01 09:48:16.702622,usr-lxb@codecrafters-inc.com,usr-gai@codecrafters-inc.com
669,2024-01-01 09:48:18.805060,usr-oph@codecrafters-inc.com,usr-wis@codecrafters-inc.com
670,2024-01-01 09:48:36.822014,usr-xxw@codecrafters-inc.com,usr-ccc@codecrafters-inc.com
671,2024-01-01 09:49:04.546837,usr-ntp@codecrafters-inc.com,usr-oph@codecrafters-inc.com
672,2024-01-01 09:49:10.782945,usr-sps@codecrafters-inc.com,usr-evt@codecrafters-inc.com
673,2024-01-01 09:49:12.101568,usr-hxw@codecrafters-inc.com,usr-pcx@codecrafters-inc.com
674,2024-01-01 09:49:21.579220,usr-uzs@codecrafters-inc.com,usr-psa@codecrafters-inc.com
675,2024-01-01 09:49:23.241249,usr-hxw@codecrafters-inc.com,usr-mdm@codecrafters-inc.com
676,2024-01-01 09:49:23.410947,usr-fjl@codecrafters-inc.com,usr-pru@codecrafters-inc.com
677,2024-01-01 09:49:25.294836,usr-tus@codecrafters-inc.com,usr-uzs@codecrafters-inc.com
678,2024-01-01 09:50:03.617348,usr-hxw@codecrafters-inc.com,usr-fdo@codecrafters-inc.com
679,2024-01-01 09:50:07.336986,usr-gpi@codecrafters-inc.com,usr-mfu@codecrafters-inc.com
680,2024-01-01 09:50:17.237140,usr-mms@codecrafters-inc.com,usr-hqj@codecrafters-inc.com
681,2024-01-01 09:50:20.792648,usr-ego@codecrafters-inc.com,usr-bit@codecrafters-inc.com
682,2024-01-01 09:50:42.275572,usr-gpi@codecrafters-inc.com,usr-apl@codecrafters-inc.com
683,2024-01-01 09:50:49.481380,usr-fxc@codecrafters-inc.com,usr-vag@codecrafters-inc.com
684,2024-01-01 09:50:57.508474,usr-uzs@codecrafters-inc.com,usr-ego@codecrafters-inc.com
685,2024-01-01 09:51:12.319314,usr-hth@codecrafters-inc.com,usr-gai@codecrafters-inc.com
686,2024-01-01 09:51:15.251384,usr-fyk@codecrafters-inc.com,usr-zwh@codecrafters-inc.com
687,2024-01-01 09:51:21.780081,usr-lrw@codecrafters-inc.com,usr-pru@codecrafters-inc.com
688,2024-01-01 09:51:41.458969,usr-ntp@codecrafters-inc.com,usr-syd@codecrafters-inc.com
689,2024-01-01 09:52:12.833600,usr-gyv@codecrafters-inc.com,usr-fxc@codecrafters-inc.com
690,2024-01-01 09:52:15.004120,usr-suh@codecrafters-inc.com,usr-qty@codecrafters-inc.com
691,2024-01-01 09:52:20.524310,usr-tcn@codecrafters-inc.com,usr-uzs@codecrafters-inc.com
692,2024-01-01 09:52:43.313102,usr-vag@codecrafters-inc.com,usr-qpu@codecrafters-inc.com
693,2024-01-01 09:53:14.126432,usr-emo@codecrafters-inc.com,usr-oux@codecrafters-inc.com
694,2024-01-01 09:53:34.185034,usr-sps@codecrafters-inc.com,usr-wda@codecrafters-inc.com
695,2024-01-01 09:53:38.241874,usr-noh@codecrafters-inc.com,usr-fyk@codecrafters-inc.com
696,2024-01-01 09:53:38.564212,usr-mdm@codecrafters-inc.com,usr-hxw@codecrafters-inc.com
697,2024-01-01 09:53:40.843040,usr-hxw@codecrafters-inc.com,usr-ign@codecrafters-inc.com
698,2024-01-01 09:53:49.879440,usr-fxc@codecrafters-inc.com,usr-mms@codecrafters-inc.com
699,2024-01-01 09:54:09.608011,usr-zbu@codecrafters-inc.com,usr-apl@codecrafters-inc.com
700,2024-01-01 09:54:12.102687,usr-qpu@codecrafters-inc.com,usr-xxw@codecrafters-inc.com
701,2024-01-01 09:54:20.911978,usr-bfh@codecrafters-inc.com,usr-evt@codecrafters-inc.com
702,2024-01-01 09:54:40.728039,usr-qhu@codecrafters-inc.com,usr-hxw@codecrafters-inc.com
703,2024-01-01 09:54:45.576494,usr-uzs@codecrafters-inc.com,usr-qty@codecrafters-inc.com
704,2024-01-01 09:54:48.968122,usr-fta@codecrafters-inc.com,usr-zzy@codecrafters-inc.com
705,2024-01-01 09:55:08.974604,usr-gpi@codecrafters-inc.com,usr-qpu@codecrafters-inc.com
706,2024-01-01 09:55:46.788186,usr-cwi@codecrafters-inc.com,usr-fdo@codecrafters-inc.com
707,2024-01-01 09:55:55.820352,usr-noh@codecrafters-inc.com,usr-fxc@codecrafters-inc.com
708,2024-01-01 09:55:58.387915,usr-ego@codecrafters-inc.com,usr-ego@codecrafters-inc.com
709,2024-01-01 09:55:59.305003,usr-tus@codecrafters-inc.com,usr-fyk@codecrafters-inc.com
710,2024-01-01 09:55:59.781400,usr-qsg@codecrafters-inc.com,usr-fxc@codecrafters-inc.com
711,2024-01-01 09:56:12.924731,usr-wis@codecrafters-inc.com,usr-xye@codecrafters-inc.com
712,2024-01-01 09:56:19.519142,usr-mdm@codecrafters-inc.com,usr-xye@codecrafters-inc.com
713,2024-01-01 09:56:25.026868,usr-xye@codecrafters-inc.com,usr-inx@codecrafters-inc.com
714,2024-01-01 09:56:34.849476,usr-agf@codecrafters-inc.com,usr-pcx@codecrafters-inc.com
715,2024-01-01 09:56:38.621529,usr-fjl@codecrafters-inc.com,usr-emo@codecrafters-inc.com
716,2024-01-01 09:56:43.039685,usr-agf@codecrafters-inc.com,usr-hxw@codecrafters-inc.com
717,2024-01-01 09:56:57.894716,usr-fxc@codecrafters-inc.com,usr-gyv@codecrafters-inc.com
718,2024-01-01 09:57:00.218135,usr-emo@codecrafters-inc.com,usr-ccc@codecrafters-inc.com
719,2024-01-01 09:57:03.139339,usr-xws@codecrafters-inc.com,usr-ign@codecrafters-inc.com
720,2024-01-01 09:57:04.425428,usr-cwi@codecrafters-inc.com,usr-pcx@codecrafters-inc.com
721,2024-01-01 09:57:30.655053,usr-ecl@codecrafters-inc.com,usr-zlc@codecrafters-inc.com
722,2024-01-01 09:57:32.242829,usr-gpi@codecrafters-inc.com,usr-psa@codecrafters-inc.com
723,2024-01-01 09:58:16.669011,usr-qaj@codecrafters-inc.com,usr-dur@codecrafters-inc.com
724,2024-01-01 09:58:19.452870,usr-tus@codecrafters-inc.com,usr-qsg@codecrafters-inc.com
725,2024-01-01 09:58:37.320806,usr-psa@codecrafters-inc.com,usr-qty@codecrafters-inc.com
726,2024-01-01 09:58:42.851197,usr-qhu@codecrafters-inc.com,usr-inx@codecrafters-inc.com
727,2024-01-01 09:58:53.081520,usr-wda@codecrafters-inc.com,usr-xxw@codecrafters-inc.com
728,2024-01-01 09:59:02.596699,usr-gyv@codecrafters-inc.com,usr-klc@codecrafters-inc.com
729,2024-01-01 09:59:05.007134,usr-nyd@codecrafters-inc.com,usr-dpy@codecrafters-inc.com
730,2024-01-01 09:59:07.331893,usr-oph@codecrafters-inc.com,usr-xye@codecrafters-inc.com
731,2024-01-01 09:59:08.578142,usr-ign@codecrafters-inc.com,usr-pia@codecrafters-inc.com
732,2024-01-01 09:59:13.667815,usr-zpf@codecrafters-inc.com,usr-lbw@codecrafters-inc.com
733,2024-01-01 09:59:23.855721,usr-tci@codecrafters-inc.com,usr-xxw@codecrafters-inc.com
734,2024-01-01 09:59:26.007971,usr-bit@codecrafters-inc.com,usr-vig@codecrafters-inc.com
735,2024-01-01 09:59:28.968862,usr-oph@codecrafters-inc.com,usr-hxw@codecrafters-inc.com
736,2024-01-01 09:59:31.179185,usr-hqj@codecrafters-inc.com,usr-zbu@codecrafters-inc.com
737,2024-01-01 09:59:32.733256,usr-tus@codecrafters-inc.com,usr-klc@codecrafters-inc.com
738,2024-01-01 09:59:33.472358,usr-lbw@codecrafters-inc.com,usr-ccc@codecrafters-inc.com
739,2024-01-01 09:59:34.641239,usr-noh@codecrafters-inc.com,usr-uzs@codecrafters-inc.com
740,2024-01-01 09:59:50.108851,usr-psa@codecrafters-inc.com,usr-cbb@codecrafters-inc.com
741,2024-01-01 10:00:09.827370,usr-qsg@codecrafters-inc.com,usr-ecl@codecrafters-inc.com
742,2024-01-01 10:00:24.977247,usr-dur@codecrafters-inc.com,usr-gxa@codecrafters-inc.com
743,2024-01-01 10:00:30.345969,usr-avc@codecrafters-inc.com,usr-tci@codecrafters-inc.com
744,2024-01-01 10:00:34.611187,usr-ntp@codecrafters-inc.com,usr-qpv@codecrafters-inc.com
745,2024-01-01 10:00:49.884404,usr-oph@codecrafters-inc.com,usr-pcx@codecrafters-inc.com
746,2024-01-01 10:00:54.751889,usr-kge@codecrafters-inc.com,usr-evt@codecrafters-inc.com
747,2024-01-01 10:01:22.573775,usr-tci@codecrafters-inc.com,usr-zpf@codecrafters-inc.com
748,2024-01-01 10:01:22.851031,usr-cjk@codecrafters-inc.com,usr-nyd@codecrafters-inc.com
749,2024-01-01 10:01:29.173168,usr-qsg@codecrafters-inc.com,usr-apl@codecrafters-inc.com
750,2024-01-01 10:01:34.389563,usr-hxw@codecrafters-inc.com,usr-cwi@codecrafters-inc.com
751,2024-01-01 10:01:35.133853,usr-dpy@codecrafters-inc.com,usr-gmh@codecrafters-inc.com
752,2024-01-01 10:01:53.858542,usr-qhu@codecrafters-inc.com,usr-cwi@codecrafters-inc.com
753,2024-01-01 10:01:57.473422,usr-evt@codecrafters-inc.com,usr-zpf@codecrafters-inc.com
754,2024-01-01 10:02:16.999390,usr-ifd@codecrafters-inc.com,usr-zwh@codecrafters-inc.com
755,2024-01-01 10:02:26.227798,usr-gyv@codecrafters-inc.com,usr-bat@codecrafters-inc.com
756,2024-01-01 10:02:31.528880,usr-apl@codecrafters-inc.com,usr-qpu@codecrafters-inc.com
757,2024-01-01 10:02:34.962758,usr-qpu@codecrafters-inc.com,usr-evt@codecrafters-inc.com
758,2024-01-01 10:02:37.839414,usr-bfh@codecrafters-inc.com,usr-tok@codecrafters-inc.com
759,2024-01-01 10:02:52.350762,usr-gxa@codecrafters-inc.com,usr-vig@codecrafters-inc.com
760,2024-01-01 10:02:54.662004,usr-mcc@codecrafters-inc.com,usr-zbu@codecrafters-inc.com
761,2024-01-01 10:03:07.887545,usr-sps@codecrafters-inc.com,usr-oux@codecrafters-inc.com
762,2024-01-01 10:03:24.978536,usr-zlc@codecrafters-inc.com,usr-ego@codecrafters-inc.com
763,2024-01-01 10:03:28.483828,usr-nyd@codecrafters-inc.com,usr-vig@codecrafters-inc.com
764,2024-01-01 10:03:34.430854,usr-cwi@codecrafters-inc.com,usr-ntp@codecrafters-inc.com
765,2024-01-01 10:03:52.775095,usr-noh@codecrafters-inc.com,usr-oux@codecrafters-inc.com
766,2024-01-01 10:04:20.984834,usr-oph@codecrafters-inc.com,usr-ntp@codecrafters-inc.com
767,2024-01-01 10:04:47.101583,usr-ign@codecrafters-inc.com,usr-mdm@codecrafters-inc.com
768,2024-01-01 10:05:14.449969,usr-qhu@codecrafters-inc.com,usr-inx@codecrafters-inc.com
769,2024-01-01 10:05:31.892939,usr-emo@codecrafters-inc.com,usr-cnz@codecrafters-inc.com
770,2024-01-01 10:06:01.232699,usr-gmh@codecrafters-inc.com,usr-zlc@codecrafters-inc.com
771,2024-01-01 10:07:04.753228,usr-tok@codecrafters-inc.com,usr-noh@codecrafters-inc.com
772,2024-01-01 10:07:05.140272,usr-qpv@codecrafters-inc.com,usr-mdm@codecrafters-inc.com
773,2024-01-01 10:07:05.335774,usr-tci@codecrafters-inc.com,usr-zlc@codecrafters-inc.com
774,2024-01-01 10:07:12.110815,usr-zwh@codecrafters-inc.com,usr-tcn@codecrafters-inc.com
775,2024-01-01 10:07:23.297306,usr-gpi@codecrafters-inc.com,usr-tci@codecrafters-inc.com
776,2024-01-01 10:07:25.964079,usr-qty@codecrafters-inc.com,usr-ccc@codecrafters-inc.com
777,2024-01-01 10:07:42.201687,usr-cbb@codecrafters-inc.com,usr-zpf@codecrafters-inc.com
778,2024-01-01 10:08:23.631132,usr-cnz@codecrafters-inc.com,usr-dur@codecrafters-inc.com
779,2024-01-01 10:08:37.416633,usr-qsg@codecrafters-inc.com,usr-qaj@codecrafters-inc.com
780,2024-01-01 10:08:41.922621,usr-inx@codecrafters-inc.com,usr-ign@codecrafters-inc.com
781,2024-01-01 10:08:52.228996,usr-qsg@codecrafters-inc.com,usr-fyk@codecrafters-inc.com
782,2024-01-01 10:08:54.684655,usr-xxw@codecrafters-inc.com,usr-dpy@codecrafters-inc.com
783,2024-01-01 10:08:56.087729,usr-mfu@codecrafters-inc.com,usr-uzs@codecrafters-inc.com
784,2024-01-01 10:09:01.085825,usr-goq@codecrafters-inc.com,usr-dpy@codecrafters-inc.com
785,2024-01-01 10:09:05.381183,usr-qaj@codecrafters-inc.com,usr-vig@codecrafters-inc.com
786,2024-01-01 10:09:14.942568,usr-fdo@codecrafters-inc.com,usr-hxw@codecrafters-inc.com
787,2024-01-01 10:09:16.942763,usr-wis@codecrafters-inc.com,usr-ntp@codecrafters-inc.com
788,2024-01-01 10:09:20.333308,usr-pcx@codecrafters-inc.com,usr-qpv@codecrafters-inc.com
789,2024-01-01 10:09:24.017108,usr-zsj@codecrafters-inc.com,usr-fta@codecrafters-inc.com
790,2024-01-01 10:09:30.386360,usr-cbb@codecrafters-inc.com,usr-fyk@codecrafters-inc.com
791,2024-01-01 10:09:38.156866,usr-bpm@codecrafters-inc.com,usr-pru@codecrafters-inc.com
792,2024-01-01 10:09:42.843058,usr-evt@codecrafters-inc.com,usr-vig@codecrafters-inc.com
793,2024-01-01 10:09:43.419039,usr-zwh@codecrafters-inc.com,usr-tok@codecrafters-inc.com
794,2024-01-01 10:09:47.296000,usr-evt@codecrafters-inc.com,usr-qsg@codecrafters-inc.com
795,2024-01-01 10:10:07.801586,usr-tus@codecrafters-inc.com,usr-bat@codecrafters-inc.com
796,2024-01-01 10:10:08.137538,usr-tus@codecrafters-inc.com,usr-gxa@codecrafters-inc.com
797,2024-01-01 10:10:12.705767,usr-emo@codecrafters-inc.com,usr-kge@codecrafters-inc.com
798,2024-01-01 10:10:26.433240,usr-qty@codecrafters-inc.com,usr-evt@codecrafters-inc.com
799,2024-01-01 10:10:48.997481,usr-lbw@codecrafters-inc.com,usr-ego@codecrafters-inc.com
800,2024-01-01 10:10:55.007036,usr-cjk@codecrafters-inc.com,usr-lbw@codecrafters-inc.com
801,2024-01-01 10:11:02.208321,usr-ego@codecrafters-inc.com,usr-gpi@codecrafters-inc.com
802,2024-01-01 10:11:05.439999,usr-jmc@codecrafters-inc.com,usr-ubt@codecrafters-inc.com
803,2024-01-01 10:11:06.066001,usr-mdm@codecrafters-inc.com,usr-cwi@codecrafters-inc.com
804,2024-01-01 10:11:19.238822,usr-cjk@codecrafters-inc.com,usr-cjk@codecrafters-inc.com
805,2024-01-01 10:11:40.261629,usr-tci@codecrafters-inc.com,usr-gpi@codecrafters-inc.com
806,2024-01-01 10:12:06.673610,usr-bit@codecrafters-inc.com,usr-zbu@codecrafters-inc.com
807,2024-01-01 10:12:08.628234,usr-cjk@codecrafters-inc.com,usr-qpu@codecrafters-inc.com
808,2024-01-01 10:12:10.164066,usr-lrw@codecrafters-inc.com,usr-bpm@codecrafters-inc.com
809,2024-01-01 10:12:10.828775,usr-zpf@codecrafters-inc.com,usr-qaj@codecrafters-inc.com
810,2024-01-01 10:12:12.069766,usr-crz@codecrafters-inc.com,usr-okv@codecrafters-inc.com
811,2024-01-01 10:12:17.337657,usr-bfh@codecrafters-inc.com,usr-emo@codecrafters-inc.com
812,2024-01-01 10:12:25.630485,usr-ecl@codecrafters-inc.com,usr-qty@codecrafters-inc.com
813,2024-01-01 10:12:29.015737,usr-bit@codecrafters-inc.com,usr-mfu@codecrafters-inc.com
814,2024-01-01 10:12:32.459272,usr-cwi@codecrafters-inc.com,usr-syd@codecrafters-inc.com
815,2024-01-01 10:12:34.352157,usr-agf@codecrafters-inc.com,usr-agf@codecrafters-inc.com
816,2024-01-01 10:12:57.574441,usr-ign@codecrafters-inc.com,usr-ntp@codecrafters-inc.com
817,2024-01-01 10:13:01.303472,usr-dbq@codecrafters-inc.com,usr-hta@codecrafters-inc.com
818,2024-01-01 10:13:12.637998,usr-kge@codecrafters-inc.com,usr-cjk@codecrafters-inc.com
819,2024-01-01 10:13:17.649333,usr-hxw@codecrafters-inc.com,usr-oph@codecrafters-inc.com
820,2024-01-01 10:13:41.418602,usr-qty@codecrafters-inc.com,usr-fyk@codecrafters-inc.com
821,2024-01-01 10:13:45.569265,usr-wda@codecrafters-inc.com,usr-goq@codecrafters-inc.com
822,2024-01-01 10:13:49.210919,usr-kge@codecrafters-inc.com,usr-tus@codecrafters-inc.com
823,2024-01-01 10:13:52.317690,usr-wis@codecrafters-inc.com,usr-cwi@codecrafters-inc.com
824,2024-01-01 10:13:58.607092,usr-tok@codecrafters-inc.com,usr-emo@codecrafters-inc.com
825,2024-01-01 10:14:01.567477,usr-pia@codecrafters-inc.com,usr-pia@codecrafters-inc.com
826,2024-01-01 10:14:05.042555,usr-wis@codecrafters-inc.com,usr-wis@codecrafters-inc.com
827,2024-01-01 10:14:05.393991,usr-tci@codecrafters-inc.com,usr-ccc@codecrafters-inc.com
828,2024-01-01 10:14:26.414255,usr-ecl@codecrafters-inc.com,usr-mfu@codecrafters-inc.com
829,2024-01-01 10:14:31.257046,usr-ntp@codecrafters-inc.com,usr-hxw@codecrafters-inc.com
830,2024-01-01 10:14:31.825986,usr-lbw@codecrafters-inc.com,usr-dpy@codecrafters-inc.com
831,2024-01-01 10:14:54.531482,usr-fjl@codecrafters-inc.com,usr-vag@codecrafters-inc.com
832,2024-01-01 10:15:39.579957,usr-gyv@codecrafters-inc.com,usr-fyk@codecrafters-inc.com
833,2024-01-01 10:15:44.514740,usr-dur@codecrafters-inc.com,usr-qty@codecrafters-inc.com
834,2024-01-01 10:15:50.771264,usr-zwh@codecrafters-inc.com,usr-zpf@codecrafters-inc.com
835,2024-01-01 10:15:57.255901,usr-bfh@codecrafters-inc.com,usr-tok@codecrafters-inc.com
836,2024-01-01 10:16:19.922896,usr-pia@codecrafters-inc.com,usr-cwi@codecrafters-inc.com
837,2024-01-01 10:16:24.213131,usr-hth@codecrafters-inc.com,usr-yih@codecrafters-inc.com
838,2024-01-01 10:16:39.286890,usr-cjk@codecrafters-inc.com,usr-mms@codecrafters-inc.com
839,2024-01-01 10:16:43.870586,usr-suh@codecrafters-inc.com,usr-mfu@codecrafters-inc.com
840,2024-01-01 10:16:57.036422,usr-syd@codecrafters-inc.com,usr-hxw@codecrafters-inc.com
841,2024-01-01 10:17:02.098595,usr-qsg@codecrafters-inc.com,usr-evt@codecrafters-inc.com
842,2024-01-01 10:17:03.639691,usr-tci@codecrafters-inc.com,usr-fyk@codecrafters-inc.com
843,2024-01-01 10:17:08.581418,usr-wda@codecrafters-inc.com,usr-qsg@codecrafters-inc.com
844,2024-01-01 10:17:14.100808,usr-gyv@codecrafters-inc.com,usr-suh@codecrafters-inc.com
845,2024-01-01 10:17:50.847155,usr-crz@codecrafters-inc.com,usr-hth@codecrafters-inc.com
846,2024-01-01 10:18:08.236908,usr-apl@codecrafters-inc.com,usr-zlc@codecrafters-inc.com
847,2024-01-01 10:18:21.385933,usr-qty@codecrafters-inc.com,usr-fyk@codecrafters-inc.com
848,2024-01-01 10:18:28.497185,usr-inx@codecrafters-inc.com,usr-inx@codecrafters-inc.com
849,2024-01-01 10:18:41.974255,usr-uzs@codecrafters-inc.com,usr-mms@codecrafters-inc.com
850,2024-01-01 10:19:07.226171,usr-tci@codecrafters-inc.com,usr-tci@codecrafters-inc.com
851,2024-01-01 10:19:13.529735,usr-evt@codecrafters-inc.com,usr-qty@codecrafters-inc.com
852,2024-01-01 10:19:15.615512,usr-hxw@codecrafters-inc.com,usr-mdm@codecrafters-inc.com
853,2024-01-01 10:19:24.494341,usr-tcn@codecrafters-inc.com,usr-nyd@codecrafters-inc.com
854,2024-01-01 10:19:36.511874,usr-qsg@codecrafters-inc.com,usr-evt@codecrafters-inc.com
855,2024-01-01 10:19:40.984076,usr-jmc@codecrafters-inc.com,usr-okv@codecrafters-inc.com
856,2024-01-01 10:19:47.679020,usr-zlc@codecrafters-inc.com,usr-bfh@codecrafters-inc.com
857,2024-01-01 10:19:54.778603,usr-gpi@codecrafters-inc.com,usr-sps@codecrafters-inc.com
858,2024-01-01 10:20:04.657409,usr-evt@codecrafters-inc.com,usr-zpf@codecrafters-inc.com
859,2024-01-01 10:20:10.623573,usr-bpm@codecrafters-inc.com,usr-kos@codecrafters-inc.com
860,2024-01-01 10:20:22.929568,usr-qty@codecrafters-inc.com,usr-klc@codecrafters-inc.com
861,2024-01-01 10:20:36.872548,usr-xye@codecrafters-inc.com,usr-qhu@codecrafters-inc.com
862,2024-01-01 10:20:58.722072,usr-jmc@codecrafters-inc.com,usr-zzy@codecrafters-inc.com
863,2024-01-01 10:21:05.074672,usr-ego@codecrafters-inc.com,usr-qty@codecrafters-inc.com
864,2024-01-01 10:21:06.182178,usr-qpv@codecrafters-inc.com,usr-xye@codecrafters-inc.com
865,2024-01-01 10:21:40.377588,usr-qaj@codecrafters-inc.com,usr-ccc@codecrafters-inc.com
866,2024-01-01 10:22:17.398533,usr-noh@codecrafters-inc.com,usr-gpi@codecrafters-inc.com
867,2024-01-01 10:22:20.581809,usr-vag@codecrafters-inc.com,usr-zwh@codecrafters-inc.com
868,2024-01-01 10:22:26.127697,usr-qty@codecrafters-inc.com,usr-qaj@codecrafters-inc.com
869,2024-01-01 10:22:26.299448,usr-goq@codecrafters-inc.com,usr-ego@codecrafters-inc.com
870,2024-01-01 10:22:31.308156,usr-vig@codecrafters-inc.com,usr-dpy@codecrafters-inc.com
871,2024-01-01 10:22:32.297640,usr-syd@codecrafters-inc.com,usr-agf@codecrafters-inc.com
872,2024-01-01 10:22:59.349220,usr-zzy@codecrafters-inc.com,usr-hth@codecrafters-inc.com
873,2024-01-01 10:23:07.976415,usr-qhu@codecrafters-inc.com,usr-xye@codecrafters-inc.com
874,2024-01-01 10:23:20.750775,usr-goq@codecrafters-inc.com,usr-gxa@codecrafters-inc.com
875,2024-01-01 10:23:24.597918,usr-qpu@codecrafters-inc.com,usr-emo@codecrafters-inc.com
876,2024-01-01 10:23:26.751906,usr-vig@codecrafters-inc.com,usr-uzs@codecrafters-inc.com
877,2024-01-01 10:23:29.727898,usr-ntp@codecrafters-inc.com,usr-syd@codecrafters-inc.com
878,2024-01-01 10:23:32.286871,usr-emo@codecrafters-inc.com,usr-tci@codecrafters-inc.com
879,2024-01-01 10:23:36.906689,usr-emo@codecrafters-inc.com,usr-dpy@codecrafters-inc.com
880,2024-01-01 10:23:51.131124,usr-evt@codecrafters-inc.com,usr-goq@codecrafters-inc.com
881,2024-01-01 10:23:54.686985,usr-lrw@codecrafters-inc.com,usr-jmc@codecrafters-inc.com
882,2024-01-01 10:23:58.823481,usr-fxc@codecrafters-inc.com,usr-lbw@codecrafters-inc.com
883,2024-01-01 10:24:21.506990,usr-qhu@codecrafters-inc.com,usr-inx@codecrafters-inc.com
884,2024-01-01 10:24:22.580181,usr-fdo@codecrafters-inc.com,usr-wis@codecrafters-inc.com
885,2024-01-01 10:24:23.103466,usr-ign@codecrafters-inc.com,usr-hxw@codecrafters-inc.com
886,2024-01-01 10:24:37.318609,usr-ecl@codecrafters-inc.com,usr-psa@codecrafters-inc.com
887,2024-01-01 10:24:41.138927,usr-emo@codecrafters-inc.com,usr-wda@codecrafters-inc.com
888,2024-01-01 10:24:43.080932,usr-zsj@codecrafters-inc.com,usr-crz@codecrafters-inc.com
889,2024-01-01 10:24:47.378319,usr-oph@codecrafters-inc.com,usr-ntp@codecrafters-inc.com
890,2024-01-01 10:25:04.766891,usr-xye@codecrafters-inc.com,usr-pia@codecrafters-inc.com
891,2024-01-01 10:25:12.427654,usr-zbu@codecrafters-inc.com,usr-tok@codecrafters-inc.com
892,2024-01-01 10:25:18.855514,usr-ign@codecrafters-inc.com,usr-qhu@codecrafters-inc.com
893,2024-01-01 10:25:28.685925,usr-syd@codecrafters-inc.com,usr-oph@codecrafters-inc.com
894,2024-01-01 10:25:43.964528,usr-evt@codecrafters-inc.com,usr-wda@codecrafters-inc.com
895,2024-01-01 10:25:49.429479,usr-fyk@codecrafters-inc.com,usr-tcn@codecrafters-inc.com
896,2024-01-01 10:25:57.824767,usr-suh@codecrafters-inc.com,usr-qaj@codecrafters-inc.com
897,2024-01-01 10:26:04.238303,usr-pcx@codecrafters-inc.com,usr-inx@codecrafters-inc.com
898,2024-01-01 10:26:08.329962,usr-cbb@codecrafters-inc.com,usr-fyk@codecrafters-inc.com
899,2024-01-01 10:26:20.693812,usr-uzs@codecrafters-inc.com,usr-qsg@codecrafters-inc.com
900,2024-01-01 10:26:52.822645,usr-lbw@codecrafters-inc.com,usr-dur@codecrafters-inc.com
901,2024-01-01 10:27:03.999851,usr-cjk@codecrafters-inc.com,usr-vag@codecrafters-inc.com
902,2024-01-01 10:27:06.468822,usr-ego@codecrafters-inc.com,usr-gyv@codecrafters-inc.com
903,2024-01-01 10:27:23.104522,usr-gyv@codecrafters-inc.com,usr-vag@codecrafters-inc.com
904,2024-01-01 10:28:00.577075,usr-evt@codecrafters-inc.com,usr-zlc@codecrafters-inc.com
905,2024-01-01 10:28:19.405666,usr-sps@codecrafters-inc.com,usr-tus@codecrafters-inc.com
906,2024-01-01 10:28:22.035968,usr-mms@codecrafters-inc.com,usr-qsg@codecrafters-inc.com
907,2024-01-01 10:28:32.670809,usr-fta@codecrafters-inc.com,usr-crz@codecrafters-inc.com
908,2024-01-01 10:28:36.553797,usr-ccc@codecrafters-inc.com,usr-zlc@codecrafters-inc.com
909,2024-01-01 10:28:40.616084,usr-emo@codecrafters-inc.com,usr-kge@codecrafters-inc.com
910,2024-01-01 10:28:46.764743,usr-bat@codecrafters-inc.com,usr-qty@codecrafters-inc.com
911,2024-01-01 10:28:55.901172,usr-mcc@codecrafters-inc.com,usr-gpi@codecrafters-inc.com
912,2024-01-01 10:28:56.746016,usr-uzs@codecrafters-inc.com,usr-fyk@codecrafters-inc.com
913,2024-01-01 10:28:58.451206,usr-bfh@codecrafters-inc.com,usr-tus@codecrafters-inc.com
914,2024-01-01 10:29:00.451559,usr-agf@codecrafters-inc.com,usr-syd@codecrafters-inc.com
915,2024-01-01 10:29:14.737626,usr-bit@codecrafters-inc.com,usr-qpu@codecrafters-inc.com
916,2024-01-01 10:29:28.611683,usr-bfh@codecrafters-inc.com,usr-zpf@codecrafters-inc.com
917,2024-01-01 10:29:32.484227,usr-evt@codecrafters-inc.com,usr-zbu@codecrafters-inc.com
918,2024-01-01 10:29:41.349612,usr-mms@codecrafters-inc.com,usr-fxc@codecrafters-inc.com
919,2024-01-01 10:30:23.809792,usr-bit@codecrafters-inc.com,usr-zlc@codecrafters-inc.com
920,2024-01-01 10:30:27.648064,usr-vag@codecrafters-inc.com,usr-dpy@codecrafters-inc.com
921,2024-01-01 10:30:37.511873,usr-goq@codecrafters-inc.com,usr-bfh@codecrafters-inc.com
922,2024-01-01 10:30:37.528383,usr-gyv@codecrafters-inc.com,usr-dur@codecrafters-inc.com
923,2024-01-01 10:30:47.150047,usr-wda@codecrafters-inc.com,usr-mfu@codecrafters-inc.com
924,2024-01-01 10:30:55.915839,usr-ego@codecrafters-inc.com,usr-zpf@codecrafters-inc.com
925,2024-01-01 10:31:02.245417,usr-oph@codecrafters-inc.com,usr-mdm@codecrafters-inc.com
926,2024-01-01 10:31:15.115595,usr-cbb@codecrafters-inc.com,usr-mms@codecrafters-inc.com
927,2024-01-01 10:31:25.667069,usr-hxw@codecrafters-inc.com,usr-oph@codecrafters-inc.com
928,2024-01-01 10:31:52.175645,usr-qpv@codecrafters-inc.com,usr-pcx@codecrafters-inc.com
929,2024-01-01 10:32:04.771917,usr-gpi@codecrafters-inc.com,usr-gpi@codecrafters-inc.com
930,2024-01-01 10:32:14.325506,usr-zpf@codecrafters-inc.com,usr-psa@codecrafters-inc.com
931,2024-01-01 10:32:18.222281,usr-fta@codecrafters-inc.com,usr-hta@codecrafters-inc.com
932,2024-01-01 10:32:24.313932,usr-crz@codecrafters-inc.com,usr-yih@codecrafters-inc.com
933,2024-01-01 10:32:39.332221,usr-cwi@codecrafters-inc.com,usr-hxw@codecrafters-inc.com
934,2024-01-01 10:32:45.354181,usr-ign@codecrafters-inc.com,usr-agf@codecrafters-inc.com
935,2024-01-01 10:33:02.066742,usr-uzs@codecrafters-inc.com,usr-zbu@codecrafters-inc.com
936,2024-01-01 10:33:02.201842,usr-pia@codecrafters-inc.com,usr-wis@codecrafters-inc.com
937,2024-01-01 10:33:12.073270,usr-ccc@codecrafters-inc.com,usr-qty@codecrafters-inc.com
938,2024-01-01 10:33:14.726080,usr-ign@codecrafters-inc.com,usr-ntp@codecrafters-inc.com
939,2024-01-01 10:33:38.629305,usr-zbu@codecrafters-inc.com,usr-oux@codecrafters-inc.com
940,2024-01-01 10:33:41.718265,usr-tci@codecrafters-inc.com,usr-dpy@codecrafters-inc.com
941,2024-01-01 10:34:01.238772,usr-mdm@codecrafters-inc.com,usr-wis@codecrafters-inc.com
942,2024-01-01 10:34:01.857907,usr-cbb@codecrafters-inc.com,usr-zpf@codecrafters-inc.com
943,2024-01-01 10:34:02.708141,usr-zpf@codecrafters-inc.com,usr-gpi@codecrafters-inc.com
944,2024-01-01 10:34:05.167429,usr-cbb@codecrafters-inc.com,usr-qsg@codecrafters-inc.com
945,2024-01-01 10:34:05.325097,usr-goq@codecrafters-inc.com,usr-klc@codecrafters-inc.com
946,2024-01-01 10:34:13.134100,usr-cwi@codecrafters-inc.com,usr-ign@codecrafters-inc.com
947,2024-01-01 10:34:44.086105,usr-tus@codecrafters-inc.com,usr-bit@codecrafters-inc.com
948,2024-01-01 10:35:03.635669,usr-evt@codecrafters-inc.com,usr-noh@codecrafters-inc.com
949,2024-01-01 10:35:10.298824,usr-zlc@codecrafters-inc.com,usr-ccc@codecrafters-inc.com
950,2024-01-01 10:35:11.773767,usr-mfu@codecrafters-inc.com,usr-mcc@codecrafters-inc.com
951,2024-01-01 10:35:15.714297,usr-kge@codecrafters-inc.com,usr-fxc@codecrafters-inc.com
952,2024-01-01 10:35:24.741612,usr-bpm@codecrafters-inc.com,usr-fta@codecrafters-inc.com
953,2024-01-01 10:36:16.324725,usr-cnz@codecrafters-inc.com,usr-hqj@codecrafters-inc.com
954,2024-01-01 10:36:17.479815,usr-agf@codecrafters-inc.com,usr-mdm@codecrafters-inc.com
955,2024-01-01 10:36:18.429023,usr-ego@codecrafters-inc.com,usr-dpy@codecrafters-inc.com
956,2024-01-01 10:36:21.652239,usr-ego@codecrafters-inc.com,usr-tus@codecrafters-inc.com
957,2024-01-01 10:36:24.380843,usr-wda@codecrafters-inc.com,usr-zpf@codecrafters-inc.com
958,2024-01-01 10:36:53.506134,usr-tci@codecrafters-inc.com,usr-cnz@codecrafters-inc.com
959,2024-01-01 10:37:00.944226,usr-pcx@codecrafters-inc.com,usr-oph@codecrafters-inc.com
960,2024-01-01 10:37:05.518026,usr-gyv@codecrafters-inc.com,usr-ccc@codecrafters-inc.com
961,2024-01-01 10:37:07.501591,usr-inr@codecrafters-inc.com,usr-pru@codecrafters-inc.com
962,2024-01-01 10:37:14.247221,usr-tci@codecrafters-inc.com,usr-hqj@codecrafters-inc.com
963,2024-01-01 10:37:16.599179,usr-bat@codecrafters-inc.com,usr-qpu@codecrafters-inc.com
964,2024-01-01 10:37:32.442439,usr-apl@codecrafters-inc.com,usr-qsg@codecrafters-inc.com
965,2024-01-01 10:37:36.082494,usr-ign@codecrafters-inc.com,usr-syd@codecrafters-inc.com
966,2024-01-01 10:38:02.198874,usr-agf@codecrafters-inc.com,usr-xye@codecrafters-inc.com
967,2024-01-01 10:38:02.350141,usr-zbu@codecrafters-inc.com,usr-tus@codecrafters-inc.com
968,2024-01-01 10:38:06.008605,usr-oph@codecrafters-inc.com,usr-pcx@codecrafters-inc.com
969,2024-01-01 10:38:11.536963,usr-cnz@codecrafters-inc.com,usr-qse@codecrafters-inc.com
970,2024-01-01 10:38:18.482191,usr-tci@codecrafters-inc.com,usr-qty@codecrafters-inc.com
971,2024-01-01 10:38:28.388431,usr-vig@codecrafters-inc.com,usr-qaj@codecrafters-inc.com
972,2024-01-01 10:38:32.231521,usr-oph@codecrafters-inc.com,usr-mdm@codecrafters-inc.com
973,2024-01-01 10:38:56.157717,usr-ntp@codecrafters-inc.com,usr-mdm@codecrafters-inc.com
974,2024-01-01 10:39:08.278982,usr-klc@codecrafters-inc.com,usr-mfu@codecrafters-inc.com
975,2024-01-01 10:40:08.928029,usr-qpv@codecrafters-inc.com,usr-ign@codecrafters-inc.com
976,2024-01-01 10:40:25.109792,usr-oph@codecrafters-inc.com,usr-qhu@codecrafters-inc.com
977,2024-01-01 10:40:38.151972,usr-gpi@codecrafters-inc.com,usr-hqj@codecrafters-inc.com
978,2024-01-01 10:40:40.267095,usr-ign@codecrafters-inc.com,usr-agf@codecrafters-inc.com
979,2024-01-01 10:40:50.810704,usr-qhu@codecrafters-inc.com,usr-hxw@codecrafters-inc.com
980,2024-01-01 10:40:58.677057,usr-cbb@codecrafters-inc.com,usr-cbb@codecrafters-inc.com
981,2024-01-01 10:40:58.791252,usr-goq@codecrafters-inc.com,usr-ccc@codecrafters-inc.com
982,2024-01-01 10:41:00.339704,usr-bat@codecrafters-inc.com,usr-vag@codecrafters-inc.com
983,2024-01-01 10:41:01.409706,usr-evt@codecrafters-inc.com,usr-bit@codecrafters-inc.com
984,2024-01-01 10:41:17.808060,usr-fdo@codecrafters-inc.com,usr-qpv@codecrafters-inc.com
985,2024-01-01 10:41:21.007678,usr-gpi@codecrafters-inc.com,usr-klc@codecrafters-inc.com
986,2024-01-01 10:41:23.455876,usr-xxw@codecrafters-inc.com,usr-qse@codecrafters-inc.com
987,2024-01-01 10:41:31.427431,usr-oph@codecrafters-inc.com,usr-mdm@codecrafters-inc.com
988,2024-01-01 10:41:31.776829,usr-bit@codecrafters-inc.com,usr-xxw@codecrafters-inc.com
989,2024-01-01 10:41:37.506463,usr-suh@codecrafters-inc.com,usr-qaj@codecrafters-inc.com
990,2024-01-01 10:41:38.353233,usr-mms@codecrafters-inc.com,usr-nyd@codecrafters-inc.com
991,2024-01-01 10:41:39.477224,usr-noh@codecrafters-inc.com,usr-qty@codecrafters-inc.com
992,2024-01-01 10:42:05.904918,usr-mms@codecrafters-inc.com,usr-gmh@codecrafters-inc.com
993,2024-01-01 10:42:19.855197,usr-pah@codecrafters-inc.com,usr-pru@codecrafters-inc.com
994,2024-01-01 10:42:23.806889,usr-fxc@codecrafters-inc.com,usr-emo@codecrafters-inc.com
995,2024-01-01 10:42:28.011050,usr-tci@codecrafters-inc.com,usr-vag@codecrafters-inc.com
996,2024-01-01 10:42:39.952740,usr-tci@codecrafters-inc.com,usr-fxc@codecrafters-inc.com
997,2024-01-01 10:42:59.422727,usr-pcx@codecrafters-inc.com,usr-inx@codecrafters-inc.com
998,2024-01-01 10:43:09.529304,usr-bfh@codecrafters-inc.com,usr-oux@codecrafters-inc.com
