,user,role,email,pc
0,usr-ory,Director,usr-ory@codecrafters-inc.com,pc0
1,usr-qsg,HR,usr-qsg@codecrafters-inc.com,pc1
2,usr-qpu,Legal,usr-qpu@codecrafters-inc.com,pc2
3,usr-fdo,Technical,usr-fdo@codecrafters-inc.com,pc3
4,usr-crz,Services,usr-crz@codecrafters-inc.com,pc4
5,usr-ubt,Services,usr-ubt@codecrafters-inc.com,pc5
6,usr-oux,Legal,usr-oux@codecrafters-inc.com,pc6
7,usr-fta,Security,usr-fta@codecrafters-inc.com,pc7
8,usr-cbb,HR,usr-cbb@codecrafters-inc.com,pc8
9,usr-hta,Security,usr-hta@codecrafters-inc.com,pc9
10,usr-kos,Security,usr-kos@codecrafters-inc.com,pc10
11,usr-qhu,Technical,usr-qhu@codecrafters-inc.com,pc11
12,usr-avc,Director,usr-avc@codecrafters-inc.com,pc12
13,usr-inr,Services,usr-inr@codecrafters-inc.com,pc13
14,usr-cwi,Technical,usr-cwi@codecrafters-inc.com,pc14
15,usr-hqj,Finance,usr-hqj@codecrafters-inc.com,pc15
16,usr-syd,Technical,usr-syd@codecrafters-inc.com,pc16
17,usr-jmc,Services,usr-jmc@codecrafters-inc.com,pc17
18,usr-vag,HR,usr-vag@codecrafters-inc.com,pc18
19,usr-bpm,Services,usr-bpm@codecrafters-inc.com,pc19
20,usr-mnc,Director,usr-mnc@codecrafters-inc.com,pc20
21,usr-gyv,HR,usr-gyv@codecrafters-inc.com,pc21
22,usr-cjk,Finance,usr-cjk@codecrafters-inc.com,pc22
23,usr-nyd,Finance,usr-nyd@codecrafters-inc.com,pc23
24,usr-wda,Finance,usr-wda@codecrafters-inc.com,pc24
25,usr-zpf,Legal,usr-zpf@codecrafters-inc.com,pc25
26,usr-goq,HR,usr-goq@codecrafters-inc.com,pc26
27,usr-xye,Technical,usr-xye@codecrafters-inc.com,pc27
28,usr-mdm,Technical,usr-mdm@codecrafters-inc.com,pc28
29,usr-gai,Services,usr-gai@codecrafters-inc.com,pc29
30,usr-zsj,Services,usr-zsj@codecrafters-inc.com,pc30
31,usr-agf,Technical,usr-agf@codecrafters-inc.com,pc31
32,usr-tus,Finance,usr-tus@codecrafters-inc.com,pc32
33,usr-ego,HR,usr-ego@codecrafters-inc.com,pc33
34,usr-ytk,Security,usr-ytk@codecrafters-inc.com,pc34
35,usr-mcc,Finance,usr-mcc@codecrafters-inc.com,pc35
36,usr-suh,Finance,usr-suh@codecrafters-inc.com,pc36
37,usr-llt,Director,usr-llt@codecrafters-inc.com,pc37
38,usr-sps,Finance,usr-sps@codecrafters-inc.com,pc38
39,usr-mfu,HR,usr-mfu@codecrafters-inc.com,pc39
40,usr-hth,Security,usr-hth@codecrafters-inc.com,pc40
41,usr-fxu,Services,usr-fxu@codecrafters-inc.com,pc41
42,usr-gvm,Services,usr-gvm@codecrafters-inc.com,pc42
43,usr-tcn,Finance,usr-tcn@codecrafters-inc.com,pc43
44,usr-dbq,Services,usr-dbq@codecrafters-inc.com,pc44
45,usr-hxw,Technical,usr-hxw@codecrafters-inc.com,pc45
46,usr-ntp,Technical,usr-ntp@codecrafters-inc.com,pc46
47,usr-fxc,Finance,usr-fxc@codecrafters-inc.com,pc47
48,usr-pru,Security,usr-pru@codecrafters-inc.com,pc48
49,usr-tci,HR,usr-tci@codecrafters-inc.com,pc49
50,usr-gxa,Finance,usr-gxa@codecrafters-inc.com,pc50
51,usr-noh,Finance,usr-noh@codecrafters-inc.com,pc51
52,usr-fjl,Director,usr-fjl@codecrafters-inc.com,pc52
53,usr-ecl,Finance,usr-ecl@codecrafters-inc.com,pc53
54,usr-okv,Security,usr-okv@codecrafters-inc.com,pc54
55,usr-qse,Legal,usr-qse@codecrafters-inc.com,pc55
56,usr-apl,Legal,usr-apl@codecrafters-inc.com,pc56
57,usr-bat,Legal,usr-bat@codecrafters-inc.com,pc57
58,usr-pcx,Technical,usr-pcx@codecrafters-inc.com,pc58
59,usr-ecc,Director,usr-ecc@codecrafters-inc.com,pc59
60,usr-lxb,Services,usr-lxb@codecrafters-inc.com,pc60
61,usr-xxw,Finance,usr-xxw@codecrafters-inc.com,pc61
62,usr-klc,Legal,usr-klc@codecrafters-inc.com,pc62
63,usr-cnz,Finance,usr-cnz@codecrafters-inc.com,pc63
64,usr-psa,Legal,usr-psa@codecrafters-inc.com,pc64
65,usr-mms,Finance,usr-mms@codecrafters-inc.com,pc65
66,usr-ccc,Legal,usr-ccc@codecrafters-inc.com,pc66
67,usr-inx,Technical,usr-inx@codecrafters-inc.com,pc67
68,usr-xws,Director,usr-xws@codecrafters-inc.com,pc68
69,usr-orc,Director,usr-orc@codecrafters-inc.com,pc69
70,usr-qaj,Legal,usr-qaj@codecrafters-inc.com,pc70
71,usr-pah,Services,usr-pah@codecrafters-inc.com,pc71
72,usr-dpy,Legal,usr-dpy@codecrafters-inc.com,pc72
73,usr-pia,Technical,usr-pia@codecrafters-inc.com,pc73
74,usr-evt,HR,usr-evt@codecrafters-inc.com,pc74
75,usr-fyk,Legal,usr-fyk@codecrafters-inc.com,pc75
76,usr-oph,Technical,usr-oph@codecrafters-inc.com,pc76
77,usr-vig,Legal,usr-vig@codecrafters-inc.com,pc77
78,usr-zzy,Services,usr-zzy@codecrafters-inc.com,pc78
79,usr-gmh,Legal,usr-gmh@codecrafters-inc.com,pc79
80,usr-kge,Finance,usr-kge@codecrafters-inc.com,pc80
81,usr-lbw,Finance,usr-lbw@codecrafters-inc.com,pc81
82,usr-ifd,Director,usr-ifd@codecrafters-inc.com,pc82
83,usr-ign,Technical,usr-ign@codecrafters-inc.com,pc83
84,usr-qpv,Technical,usr-qpv@codecrafters-inc.com,pc84
85,usr-tok,Finance,usr-tok@codecrafters-inc.com,pc85
86,usr-bit,Finance,usr-bit@codecrafters-inc.com,pc86
87,usr-wis,Technical,usr-wis@codecrafters-inc.com,pc87
88,usr-uzs,Finance,usr-uzs@codecrafters-inc.com,pc88
89,usr-emo,HR,usr-emo@codecrafters-inc.com,pc89
90,usr-yih,Security,usr-yih@codecrafters-inc.com,pc90
91,usr-zbu,Finance,usr-zbu@codecrafters-inc.com,pc91
92,usr-dur,Legal,usr-dur@codecrafters-inc.com,pc92
93,usr-zlc,Legal,usr-zlc@codecrafters-inc.com,pc93
94,usr-gpi,HR,usr-gpi@codecrafters-inc.com,pc94
95,usr-ayp,Director,usr-ayp@codecrafters-inc.com,pc95
96,usr-bfh,HR,usr-bfh@codecrafters-inc.com,pc96
97,usr-lrw,Services,usr-lrw@codecrafters-inc.com,pc97
98,usr-qty,HR,usr-qty@codecrafters-inc.com,pc98
99,usr-zwh,Finance,usr-zwh@codecrafters-inc.com,pc99
